Street,HouseStyle,OverallQual,Functional,MiscFeature,SalePrice,LotArea,YearBuilt,1stFlrSF,2ndFlrSF,YrSold,BedroomAbvGr,KitchenAbvGr
Pave,2Story,7,Typ,,208500,8450,2003,856,854,2008,3,1
Pave,1Story,6,Typ,,181500,9600,1976,1262,0,2007,3,1
Pave,2Story,7,Typ,,223500,11250,2001,920,866,2008,3,1
Pave,2Story,7,Typ,,140000,9550,1915,961,756,2006,3,1
Pave,2Story,8,Typ,,250000,14260,2000,1145,1053,2008,4,1
Pave,1.5Fin,5,Typ,Shed,143000,14115,1993,796,566,2009,1,1
Pave,1Story,8,Typ,,307000,10084,2004,1694,0,2007,3,1
Pave,2Story,7,Typ,Shed,200000,10382,1973,1107,983,2009,3,1
Pave,1.5Fin,7,Min1,,129900,6120,1931,1022,752,2008,2,2
Pave,1.5Unf,5,Typ,,118000,7420,1939,1077,0,2008,2,2
Pave,1Story,5,Typ,,129500,11200,1965,1040,0,2008,3,1
Pave,2Story,9,Typ,,345000,11924,2005,1182,1142,2006,4,1
Pave,1Story,5,Typ,,144000,12968,1962,912,0,2008,2,1
Pave,1Story,7,Typ,,279500,10652,2006,1494,0,2007,3,1
Pave,1Story,6,Typ,,157000,10920,1960,1253,0,2008,2,1
Pave,1.5Unf,7,Typ,,132000,6120,1929,854,0,2007,2,1
Pave,1Story,6,Typ,Shed,149000,11241,1970,1004,0,2010,2,1
Pave,1Story,4,Typ,Shed,90000,10791,1967,1296,0,2006,2,2
Pave,1Story,5,Typ,,159000,13695,2004,1114,0,2008,3,1
Pave,1Story,5,Min1,,139000,7560,1958,1339,0,2009,3,1
Pave,2Story,8,Typ,,325300,14215,2005,1158,1218,2006,4,1
Pave,1.5Unf,7,Typ,,139400,7449,1930,1108,0,2007,3,1
Pave,1Story,8,Typ,,230000,9742,2002,1795,0,2008,3,1
Pave,1Story,5,Typ,,129900,4224,1976,1060,0,2007,3,1
Pave,1Story,5,Typ,,154000,8246,1968,1060,0,2010,3,1
Pave,1Story,8,Typ,,256300,14230,2007,1600,0,2009,3,1
Pave,1Story,5,Typ,,134800,7200,1951,900,0,2010,3,1
Pave,1Story,8,Typ,,306000,11478,2007,1704,0,2010,3,1
Pave,1Story,5,Typ,,207500,16321,1957,1600,0,2006,2,1
Pave,1Story,4,Typ,,68500,6324,1927,520,0,2008,1,1
Pave,2Story,4,Typ,,40000,8500,1920,649,668,2008,3,1
Pave,1Story,5,Typ,,149350,8544,1966,1228,0,2008,3,1
Pave,1Story,8,Typ,,179900,11049,2007,1234,0,2008,3,1
Pave,1Story,5,Typ,,165500,10552,1959,1700,0,2010,4,1
Pave,1Story,9,Typ,,277500,7313,2005,1561,0,2007,2,1
Pave,2Story,8,Typ,,309000,13418,2004,1132,1320,2006,4,1
Pave,1Story,5,Typ,,145000,10859,1994,1097,0,2009,3,1
Pave,1Story,5,Typ,,153000,8532,1954,1297,0,2009,3,1
Pave,1Story,5,Typ,,109000,7922,1953,1057,0,2010,3,1
Pave,1Story,4,Typ,,82000,6040,1955,1152,0,2008,2,2
Pave,1Story,6,Typ,,160000,8658,1965,1324,0,2006,3,1
Pave,1Story,5,Typ,,170000,16905,1959,1328,0,2007,2,1
Pave,SFoyer,5,Typ,,144000,9180,1983,884,0,2007,2,1
Pave,1Story,5,Typ,,130250,9200,1975,938,0,2008,3,1
Pave,1Story,5,Typ,,141000,7945,1959,1150,0,2006,3,1
Pave,1Story,9,Typ,,319900,7658,2005,1752,0,2010,2,1
Pave,1.5Fin,7,Typ,,239686,12822,2003,1518,631,2009,1,1
Pave,1Story,8,Typ,,249700,11096,2006,1656,0,2007,3,1
Pave,2Story,4,Typ,,113000,4456,1920,736,716,2009,2,3
Pave,1Story,5,Typ,,127000,7742,1966,955,0,2007,3,1
Pave,2Story,6,Typ,,177000,13869,1997,794,676,2007,3,1
Pave,1.5Fin,6,Typ,Shed,114500,6240,1934,816,0,2006,3,1
Grvl,1Story,5,Typ,,110000,8472,1963,816,0,2010,2,1
Pave,1Story,9,Typ,,385000,50271,1981,1842,0,2006,0,1
Pave,SLvl,5,Min1,,130000,7134,1955,1360,0,2007,3,1
Pave,1Story,6,Typ,,180500,10175,1964,1425,0,2008,3,1
Pave,2Story,8,Typ,,172500,2645,1999,983,756,2009,3,1
Pave,2Story,7,Typ,,196500,11645,2004,860,860,2006,3,1
Pave,2Story,10,Typ,,438780,13682,2006,1426,1519,2006,3,1
Pave,1Story,5,Typ,,124900,7200,1972,780,0,2008,2,1
Pave,1Story,6,Typ,,158000,13072,2004,1158,0,2006,3,1
Pave,2.5Unf,5,Typ,,101000,7200,1920,581,530,2007,3,1
Pave,1Story,8,Typ,,202500,6442,2006,1370,0,2007,2,1
Pave,2Story,7,Typ,,140000,10300,1921,902,808,2010,3,1
Pave,2Story,7,Typ,,219500,9375,1997,1057,977,2009,3,1
Pave,2Story,8,Typ,,317000,9591,2004,1143,1330,2007,4,1
Pave,1Story,7,Min1,,180000,19900,1970,2207,0,2010,3,1
Pave,1Story,7,Typ,,226000,10665,2003,1479,0,2007,3,1
Pave,1Story,4,Typ,,80000,4608,1945,747,0,2010,2,1
Pave,1.5Fin,7,Typ,,225000,15593,1953,1304,983,2006,3,1
Pave,1Story,7,Typ,,244000,13651,1973,2223,0,2007,3,1
Pave,1Story,4,Typ,,129500,7599,1982,845,0,2007,2,1
Pave,2Story,7,Typ,,185000,10141,1998,885,833,2009,3,1
Pave,1Story,5,Typ,,144900,10200,1954,1086,0,2010,3,1
Pave,2Story,3,Typ,,107400,5790,1915,840,765,2010,3,2
Pave,SLvl,4,Typ,,91000,1596,1973,526,462,2009,2,1
Pave,1Story,4,Typ,,135750,8475,1956,952,0,2008,2,1
Pave,1.5Fin,5,Min1,,127000,8635,1948,1072,213,2008,2,1
Pave,1Story,4,Typ,,136500,10778,1968,1768,0,2010,4,2
Pave,2Story,5,Typ,,110000,10440,1910,682,548,2009,2,1
Pave,2Story,6,Typ,,193500,13000,1968,1182,960,2009,4,1
Pave,1Story,6,Typ,,153500,4500,1998,1337,0,2006,2,1
Pave,1Story,8,Typ,,245000,10206,2007,1563,0,2008,3,1
Pave,1Story,5,Typ,,126500,8892,1960,1065,0,2007,3,1
Pave,SLvl,7,Typ,Shed,168500,8530,1995,804,670,2009,3,1
Pave,2Story,8,Typ,,260000,16059,1991,1301,1116,2006,4,1
Pave,2Story,6,Typ,,174000,11911,2005,684,876,2009,3,1
Pave,2Story,6,Typ,,164500,3951,2009,612,612,2009,2,1
Pave,1.5Fin,3,Typ,,85000,8470,1915,1013,0,2009,2,1
Pave,1Story,4,Typ,,123600,8070,1994,990,0,2007,3,1
Pave,1Story,4,Typ,,109900,7200,1950,1040,0,2006,2,1
Pave,1Story,5,Typ,,98600,8500,1961,1235,0,2006,2,1
Pave,1Story,5,Typ,,163500,13360,1921,964,0,2009,2,1
Pave,2.5Unf,6,Typ,,133900,7200,1910,1260,1031,2007,4,2
Pave,2Story,6,Typ,,204750,9337,1997,905,881,2007,3,1
Pave,2Story,6,Typ,Shed,185000,9765,1993,680,790,2009,3,1
Pave,1Story,7,Typ,,214000,10264,1999,1588,0,2006,3,1
Pave,1Story,4,Typ,,94750,10921,1965,960,0,2007,3,1
Pave,1Story,5,Typ,Shed,83000,10625,1920,835,0,2010,2,1
Pave,1Story,4,Typ,Shed,128950,9320,1959,1225,0,2010,3,1
Pave,1Story,6,Typ,,205000,10603,1977,1610,0,2010,3,1
Pave,2Story,6,Typ,,178000,9206,1985,977,755,2010,3,1
Pave,1Story,5,Typ,,118964,7018,1979,1535,0,2009,4,2
Pave,1Story,7,Typ,,198900,10402,2009,1226,0,2010,3,1
Pave,1.5Fin,7,Typ,,169500,7758,1931,1226,592,2007,4,1
Pave,2Story,8,Typ,,250000,9375,2003,1053,939,2008,3,1
Pave,1Story,4,Typ,Shed,100000,10800,1885,1047,0,2007,2,1
Pave,1Story,5,Typ,,115000,6000,1948,789,0,2008,2,1
Pave,1.5Fin,5,Typ,,115000,8500,1919,997,520,2007,3,1
Pave,1Story,6,Typ,,190000,11751,1977,1844,0,2010,3,1
Pave,1.5Fin,6,Typ,,136900,9525,1954,1216,639,2006,4,1
Pave,SLvl,7,Typ,,180000,7750,2000,774,656,2010,3,1
Pave,2Story,7,Typ,,383970,9965,2007,1282,1414,2007,4,1
Pave,1Story,6,Typ,,217000,21000,1953,2259,0,2007,3,1
Pave,2Story,6,Typ,,259500,7259,1945,1436,884,2007,3,1
Pave,2Story,6,Typ,,176000,3230,1999,729,729,2007,2,1
Pave,1Story,5,Typ,,139000,11616,1962,1092,0,2009,3,1
Pave,1Story,5,Typ,,155000,8536,2006,1125,0,2007,2,1
Pave,2Story,7,Typ,,320000,12376,1990,1699,1523,2010,5,1
Pave,2Story,6,Typ,,163990,8461,2005,728,728,2006,3,1
Pave,SLvl,6,Typ,,180000,21453,1969,988,0,2006,1,1
Pave,1.5Fin,4,Typ,,100000,6060,1939,772,351,2007,3,1
Pave,1Story,6,Typ,,136000,9464,1958,1080,0,2008,3,1
Pave,1Story,6,Typ,,153900,7892,1993,1199,0,2008,2,1
Pave,1Story,6,Typ,,181000,17043,1979,1586,0,2009,3,1
Pave,1.5Fin,6,Typ,,84500,6780,1935,520,0,2006,2,1
Pave,1Story,6,Typ,,128000,4928,1976,958,0,2007,2,1
Pave,1.5Unf,5,Typ,,87000,4388,1930,840,0,2007,3,1
Pave,2Story,6,Typ,,155000,7590,1966,660,688,2006,3,1
Pave,1Story,5,Typ,,150000,8973,1958,1053,0,2006,3,1
Pave,2Story,7,Typ,,226000,14200,1966,1216,941,2006,4,1
Pave,2Story,6,Typ,,244000,12224,2000,1022,1032,2009,3,1
Pave,1Story,5,Typ,,150750,7388,1959,1327,0,2007,3,1
Pave,1Story,8,Typ,,220000,6853,2001,1296,0,2009,2,1
Pave,1Story,5,Min1,,180000,10335,1968,1721,0,2006,3,1
Pave,1Story,7,Typ,,174000,10400,1970,1682,0,2008,3,1
Pave,1Story,5,Typ,,143000,10355,1967,1214,0,2007,3,1
Pave,1Story,7,Typ,,171000,11070,1988,1959,0,2006,5,2
Pave,2Story,8,Typ,,230000,9066,1999,1004,848,2008,3,1
Pave,2Story,6,Typ,,231500,15426,1997,928,836,2009,3,1
Pave,1Story,4,Typ,,115000,10500,1971,864,0,2010,3,1
Pave,1Story,7,Typ,,260000,11645,2005,1734,0,2006,3,1
Pave,1.5Fin,5,Typ,,166000,8520,1952,910,475,2010,4,1
Pave,1Story,7,Typ,,204000,10335,1999,1501,0,2009,3,1
Pave,1Story,5,Typ,,125000,9100,1963,1728,0,2006,6,2
Pave,2Story,6,Maj1,,130000,2522,2004,970,739,2006,3,1
Pave,1Story,5,Typ,,105000,6120,1931,875,0,2009,2,1
Pave,2Story,7,Typ,,222500,9505,2001,884,1151,2010,3,1
Pave,1Story,7,Typ,,141000,7500,2004,1080,0,2008,3,1
Pave,1.5Fin,5,Typ,,115000,6240,1936,896,448,2006,3,1
Pave,1Story,5,Typ,,122000,10356,1975,969,0,2007,3,1
Pave,1Story,8,Typ,,372402,13891,2007,1710,0,2008,2,1
Pave,2Story,6,Typ,,190000,14803,1971,1097,896,2006,4,1
Pave,1Story,6,Typ,,235000,13500,1960,1252,0,2008,1,1
Pave,1Story,6,Typ,,125000,11340,1923,1200,0,2006,4,1
Pave,1.5Fin,6,Typ,,79000,9600,1924,572,524,2008,2,1
Pave,1Story,5,Typ,,109500,7200,1950,1040,0,2006,2,1
Pave,2Story,8,Typ,,269500,12003,2009,774,1194,2010,4,1
Pave,2Story,7,Typ,,254900,12552,2004,991,956,2010,3,1
Pave,2Story,7,Typ,,320000,19378,2005,1392,1070,2006,4,1
Pave,1Story,6,Typ,,162500,11120,1984,1232,0,2008,3,1
Pave,2Story,9,Typ,,412500,13688,2003,1572,1096,2008,3,1
Pave,1Story,7,Typ,,220000,12182,2005,1541,0,2010,3,1
Pave,1.5Unf,4,Typ,,103200,5500,1956,882,0,2007,1,1
Pave,1Story,6,Typ,,152000,5400,1926,1149,467,2007,3,1
Pave,1.5Fin,5,Typ,,127500,10106,1940,808,547,2008,4,2
Pave,1Story,5,Typ,,190000,10708,1955,1867,0,2009,2,1
Pave,2Story,8,Typ,,325624,10562,2007,1610,551,2007,3,1
Pave,2Story,7,Typ,,183500,8244,2004,840,880,2007,3,1
Pave,1Story,8,Typ,,228000,16669,1981,1707,0,2006,2,1
Pave,1.5Fin,5,Typ,,128500,12358,1941,854,0,2007,2,1
Pave,1Story,6,Typ,,215000,31770,1960,1656,0,2010,3,1
Pave,2Story,7,Typ,,239000,5306,1987,1064,703,2006,2,1
Pave,1Story,6,Typ,,163000,10197,1961,1362,0,2008,3,1
Pave,1Story,6,Min2,,184000,12416,1986,1651,0,2008,3,1
Pave,1Story,6,Typ,,243000,12615,1950,2158,0,2007,4,1
Pave,2Story,6,Typ,,211000,10029,1988,1164,896,2007,4,1
Pave,1.5Fin,5,Typ,,172500,13650,1958,1252,668,2006,4,1
Pave,1Story,9,Typ,,501837,17423,2008,2234,0,2009,1,1
Pave,1Story,5,Typ,,100000,8520,1923,968,0,2007,2,1
Pave,2Story,6,Typ,,177000,2117,2000,769,756,2007,3,1
Pave,2Story,7,Typ,,200100,7588,1920,901,901,2006,4,1
Pave,1Story,5,Typ,,120000,9060,1957,1340,0,2007,3,1
Pave,1.5Fin,7,Mod,,200000,11426,2003,1362,720,2008,3,1
Pave,1.5Fin,5,Typ,,127000,7438,1908,936,316,2006,3,1
Pave,2.5Fin,10,Typ,,475000,22950,1892,1518,1518,2006,4,1
Pave,SLvl,7,Typ,,173000,9947,1990,1217,0,2009,3,1
Pave,1.5Fin,5,Min2,,135000,10410,1916,808,704,2009,3,1
Pave,SFoyer,5,Typ,,153337,7018,1979,1224,0,2009,2,2
Pave,1Story,8,Typ,,286000,4923,2001,1593,0,2008,0,1
Pave,2Story,8,Maj1,,315000,10570,1932,1549,1178,2007,3,1
Pave,2Story,7,Typ,,184000,7472,1972,725,754,2007,4,1
Pave,1Story,7,Typ,,192000,9017,1999,1431,0,2009,3,1
Pave,2Story,7,Maj1,,130000,2522,2004,970,739,2006,3,1
Pave,1Story,5,Typ,,127000,7180,1972,864,0,2008,3,1
Pave,2Story,6,Typ,,148500,2280,1976,855,601,2009,3,1
Pave,1Story,7,Typ,,311872,9416,2007,1726,0,2007,3,1
Pave,2Story,8,Typ,,235000,25419,1918,1360,1360,2006,4,1
Pave,2.5Fin,6,Typ,,104000,5520,1912,929,929,2009,5,1
Pave,1Story,8,Typ,,274900,9591,2004,1713,0,2009,3,1
Pave,1Story,4,Typ,,140000,8546,2003,1121,0,2010,2,1
Pave,1Story,6,Typ,,171500,10125,1977,1279,0,2008,3,1
Pave,1.5Fin,6,Min1,,112000,7000,1924,865,445,2006,2,1
Pave,1Story,6,Typ,,149000,4438,2004,848,0,2008,1,1
Pave,1.5Fin,5,Typ,,110000,3500,1947,720,564,2009,2,1
Pave,1Story,7,Typ,,180500,11851,1990,1442,0,2009,3,1
Pave,1Story,5,Min2,,143900,13673,1962,1696,0,2007,3,1
Pave,1Story,4,Typ,,141000,12493,1960,1100,0,2008,3,1
Pave,2Story,7,Typ,,277000,14364,1988,1180,882,2007,3,1
Pave,1Story,6,Typ,,145000,8250,1964,1092,0,2008,3,1
Pave,1Story,5,Typ,,98000,5604,1925,864,0,2008,2,1
Pave,1Story,6,Typ,,186000,10420,2009,1212,0,2010,3,1
Pave,2Story,7,Typ,,252678,8640,2009,932,920,2009,3,1
Pave,1Story,5,Typ,,156000,13568,1995,990,0,2006,3,1
Pave,2Story,6,Typ,Shed,161750,10900,1977,689,703,2010,3,1
Pave,1Story,5,Min1,,134450,10011,1957,1236,0,2006,2,1
Pave,1Story,7,Typ,,210000,8450,2004,1436,0,2008,3,1
Pave,2Story,4,Typ,,107000,9906,1925,810,518,2006,3,1
Pave,1.5Fin,7,Typ,,311500,15660,1939,1137,817,2008,3,1
Pave,1Story,7,Typ,,167240,3010,2005,1248,0,2006,2,1
Pave,1Story,7,Typ,,204900,8990,2006,1498,0,2006,2,1
Pave,2Story,6,Typ,,200000,8068,2002,1010,1257,2009,4,1
Pave,2Story,6,Typ,,179900,11475,1975,811,741,2006,3,1
Pave,1Story,4,Typ,,97000,10500,1971,864,0,2009,2,1
Pave,1Story,10,Typ,,386250,13472,2003,2392,0,2009,3,1
Pave,2Story,5,Typ,,112000,1680,1971,630,672,2009,3,1
Pave,2Story,7,Typ,,290000,9950,1995,1214,1306,2007,4,1
Pave,2Story,6,Typ,,106000,1869,1970,483,504,2008,2,1
Pave,1Story,5,Typ,,125000,8521,1967,912,0,2010,3,1
Pave,1Story,7,Typ,,192500,3182,2005,1555,0,2009,2,1
Pave,1Story,6,Typ,,148000,8760,1959,1194,0,2010,3,1
Pave,2Story,8,Typ,,403000,15138,1995,1490,1304,2009,4,1
Pave,2Story,6,Typ,,94500,1680,1972,483,504,2006,2,1
Pave,1Story,5,Typ,,128200,10650,1976,894,0,2010,3,1
Pave,2Story,6,Typ,,216500,7851,2002,860,1100,2010,4,1
Pave,2Story,6,Typ,,89500,1680,1971,483,504,2008,2,1
Pave,1Story,7,Typ,,185500,8773,2004,1414,0,2010,3,1
Pave,2Story,7,Typ,,194500,9453,1993,1014,730,2010,3,1
Pave,1Story,8,Typ,,318000,12030,2007,1694,0,2007,3,1
Pave,1.5Fin,6,Typ,,113000,8741,1945,798,689,2010,3,1
Pave,1Story,8,Typ,,262500,9000,2008,1566,0,2010,3,1
Pave,1Story,5,Typ,,110500,3880,1945,866,0,2007,2,1
Pave,1.5Fin,5,Typ,,79000,5000,1900,889,551,2006,3,1
Pave,2Story,6,Typ,,120000,10762,1980,626,591,2009,3,1
Pave,2Story,7,Typ,,205000,8880,1994,1222,888,2010,3,1
Pave,1Story,7,Typ,,241500,10400,1988,1872,0,2006,3,1
Pave,2Story,6,Typ,,137000,9142,1910,908,1020,2006,4,2
Pave,1Story,6,Typ,,140000,11310,1954,1375,0,2006,2,1
Pave,2Story,7,Typ,,180000,11317,2003,840,828,2007,3,1
Pave,1.5Fin,6,Typ,Shed,277000,159000,1958,1444,700,2007,4,1
Pave,1Story,3,Mod,Shed,76500,5350,1940,1306,0,2010,3,1
Pave,1Story,8,Typ,,235000,4750,2006,1625,0,2007,2,1
Pave,2Story,6,Typ,,173000,8366,2004,798,842,2008,3,1
Pave,SLvl,6,Min1,,158000,9350,1964,1302,0,2007,3,1
Pave,1Story,5,Typ,,145000,8400,1957,1314,0,2010,3,1
Pave,2Story,7,Typ,,230000,8738,1999,1005,1286,2006,4,1
Pave,2Story,6,Typ,,207500,8791,2003,864,864,2008,3,1
Pave,1Story,7,Typ,,220000,8814,2006,1604,0,2009,3,1
Pave,2Story,7,Typ,,231500,12435,2001,963,829,2008,3,1
Pave,1Story,5,Typ,,97000,12702,1956,882,0,2008,2,1
Pave,SLvl,6,Typ,,176000,19296,1962,1382,0,2009,3,1
Pave,2Story,8,Typ,,276000,9588,2007,1482,1092,2007,3,1
Pave,SLvl,6,Typ,,151000,8471,1977,1212,0,2006,3,1
Pave,1.5Fin,5,Typ,,130000,5500,1929,926,0,2010,3,1
Pave,1Story,5,Typ,,73000,5232,1925,764,0,2008,2,1
Pave,1Story,6,Typ,,175500,12090,1981,1422,0,2008,3,1
Pave,2Story,6,Typ,,185000,11207,1997,802,709,2006,3,1
Pave,2.5Fin,5,Typ,,179500,8400,1939,1052,720,2008,4,1
Pave,1Story,5,Typ,,120500,6900,1940,778,0,2008,2,1
Pave,1Story,6,Typ,,148000,7917,1976,1113,0,2007,3,1
Pave,2Story,8,Typ,,266000,10728,2006,1095,844,2006,3,1
Pave,1Story,7,Mod,,241500,39104,1954,1363,0,2008,2,1
Pave,2Story,8,Typ,,290000,11764,1999,1164,1106,2010,4,1
Pave,1Story,6,Min1,,139000,9600,1958,1632,0,2009,3,1
Pave,1Story,5,Typ,,124500,8314,1982,816,0,2007,2,1
Pave,1.5Fin,7,Typ,,205000,7264,1925,952,596,2009,3,1
Pave,1Story,7,Typ,,201000,9196,2003,1560,0,2010,3,1
Pave,1Story,4,Typ,,141000,19138,1951,864,0,2010,2,1
Pave,1Story,9,Typ,,415298,14450,2006,2121,0,2007,3,1
Pave,2Story,7,Typ,,192000,10005,1977,1156,866,2008,4,1
Pave,2Story,7,Typ,,228500,11287,1989,1175,807,2007,3,1
Pave,1Story,6,Typ,,185000,7200,2006,1262,0,2006,2,1
Pave,1Story,7,Typ,,207500,5063,2007,1314,0,2009,2,1
Pave,1Story,8,Typ,,244600,9612,2008,1468,0,2009,3,1
Pave,1Story,6,Typ,,179200,8012,1992,1575,0,2007,2,1
Pave,2Story,7,Typ,,164700,4251,2006,625,625,2007,2,1
Pave,1.5Fin,6,Typ,,159000,9786,1962,1085,649,2006,3,1
Pave,1Story,4,Typ,,88000,8125,1971,858,0,2006,3,1
Pave,1Story,5,Typ,,122000,9819,1967,900,0,2010,3,1
Pave,2Story,6,Typ,,153575,8730,1915,698,698,2007,3,1
Pave,2Story,8,Typ,,233230,15611,2006,1079,840,2006,3,1
Pave,2Story,5,Typ,,135900,5687,1912,936,780,2008,6,1
Pave,1.5Fin,5,Min2,,131000,11409,1949,1148,568,2009,3,1
Pave,2Story,7,Typ,,235000,16659,1977,1468,795,2006,3,1
Pave,1Story,6,Typ,,167000,9600,1953,1644,0,2009,3,1
Pave,SLvl,6,Typ,,142500,7937,1984,1003,0,2006,3,1
Pave,1.5Fin,5,Typ,,152000,13710,1950,910,648,2007,4,1
Pave,2Story,7,Typ,,239000,7399,1997,975,975,2007,3,1
Pave,2Story,6,Typ,,175000,11700,1968,1041,702,2007,3,1
Pave,1Story,6,Typ,,158500,14000,1950,1152,0,2009,3,1
Pave,1Story,5,Typ,,157000,15750,1953,1336,0,2006,2,1
Pave,2Story,8,Typ,,267000,16226,1998,1210,1242,2007,4,1
Pave,1Story,7,Typ,,205000,13704,2001,1541,0,2006,3,1
Pave,1Story,5,Typ,,149900,9800,1972,894,0,2006,3,1
Pave,2.5Fin,7,Typ,,295000,18386,1880,1675,1818,2008,3,1
Pave,1Story,8,Typ,,305900,10386,2004,2000,0,2007,3,1
Pave,2Story,7,Typ,,225000,13474,1990,1122,1121,2007,4,1
Pave,1.5Fin,6,Typ,,89500,7920,1920,1035,371,2008,3,1
Pave,1Story,4,Typ,,82500,12342,1940,861,0,2009,1,1
Pave,1Story,9,Typ,,360000,12378,2003,1944,0,2006,3,1
Pave,2Story,6,Typ,,165600,7685,1993,697,804,2006,3,1
Pave,1Story,6,Typ,,132000,8000,1948,972,0,2009,2,1
Pave,1.5Fin,5,Typ,,119900,7800,1939,793,325,2006,3,1
Pave,1Story,7,Typ,,375000,215245,1965,2036,0,2009,3,1
Pave,2Story,7,Typ,,178000,9600,1925,832,809,2006,3,1
Pave,2Story,7,Typ,,188500,7795,2004,716,716,2009,3,1
Pave,2Story,7,Typ,,260000,13005,1980,1153,1200,2009,4,1
Pave,2Story,8,Typ,,270000,9000,2006,1088,871,2007,3,1
Pave,2Story,7,Typ,,260000,9900,1993,1372,1274,2009,4,1
Pave,SLvl,7,Typ,,187500,14115,1980,1472,0,2009,3,1
Pave,2Story,9,Typ,,342643,16259,2006,1249,1347,2006,4,1
Pave,2Story,8,Typ,,354000,12099,2004,1136,1332,2007,4,1
Pave,2Story,7,Typ,,301000,10380,1986,1553,1177,2007,4,1
Pave,1Story,3,Typ,,126175,5820,1955,1163,0,2006,3,1
Pave,SLvl,7,Typ,,242000,11275,1967,1898,1080,2010,5,1
Pave,1.5Unf,5,Typ,,87000,5000,1941,803,0,2007,2,1
Pave,1Story,8,Typ,,324000,10846,1993,1719,0,2008,1,1
Pave,1Story,6,Typ,,145250,11600,1960,1383,0,2006,3,1
Pave,2.5Unf,6,Typ,,214500,11888,1916,1445,689,2009,5,1
Pave,2Story,5,Typ,,78000,6402,1920,596,596,2009,3,1
Pave,1Story,5,Typ,,119000,10624,1964,1728,0,2007,6,2
Pave,1Story,5,Typ,,139000,8176,1958,1056,0,2007,3,1
Pave,1Story,8,Typ,,284000,10655,2003,1629,0,2009,3,1
Pave,1Story,7,Typ,,207000,8198,2004,1358,0,2008,2,1
Pave,2Story,6,Typ,,192000,9042,1998,943,695,2008,3,1
Grvl,1.5Fin,5,Typ,Shed,228950,164660,1965,1619,167,2008,3,1
Pave,1Story,9,Typ,,377426,14157,2005,1922,0,2007,3,1
Pave,1Story,7,Typ,,214000,9135,2002,1536,0,2008,3,1
Pave,1Story,7,Typ,Shed,202500,14145,1984,1621,0,2006,3,1
Pave,1Story,6,Typ,,155000,12400,1958,1215,0,2009,3,1
Pave,2Story,8,Typ,,202900,14191,2002,993,915,2010,4,1
Pave,1Story,4,Typ,,82000,8400,1950,841,0,2009,2,1
Pave,1Story,3,Typ,,87500,8544,1949,1040,0,2006,2,2
Pave,1Story,9,Typ,,266000,8849,2005,1684,0,2008,2,1
Pave,2Story,5,Typ,,85000,2592,1976,536,576,2010,3,1
Pave,1.5Fin,6,Typ,,140200,6435,1939,972,605,2006,3,1
Pave,1Story,6,Typ,Gar2,151500,12772,1960,958,0,2007,2,1
Pave,1Story,6,Typ,,157500,17600,1960,1478,0,2009,3,1
Pave,2Story,7,Typ,,154000,2448,2003,764,862,2008,2,1
Pave,2Story,9,Typ,,437154,20431,2005,1848,880,2006,4,1
Pave,1Story,9,Typ,,318061,7820,2007,1869,0,2007,2,1
Pave,1Story,7,Typ,,190000,5271,1986,1453,0,2006,2,1
Pave,1.5Fin,5,Typ,,95000,9084,1941,616,495,2008,3,1
Pave,1Story,6,Typ,,105900,8520,1928,720,0,2010,2,1
Pave,1.5Fin,6,Typ,,140000,8400,1940,1192,403,2006,2,1
Pave,1Story,6,Typ,,177500,11249,1995,1200,0,2007,3,1
Pave,1Story,6,Typ,,173000,9248,1992,1167,0,2009,3,1
Pave,1Story,5,Typ,,134000,4224,1976,1142,0,2007,3,1
Pave,SLvl,5,Min2,,130000,6930,1958,1352,0,2006,3,1
Pave,2Story,8,Typ,,280000,12011,1998,1086,838,2006,3,1
Pave,SFoyer,6,Typ,,156000,7540,1978,912,0,2007,2,1
Pave,1.5Fin,5,Typ,,145000,9144,1940,988,517,2008,3,1
Pave,SFoyer,7,Typ,,198500,7301,2003,495,1427,2009,4,1
Pave,2Story,6,Typ,,118000,1680,1972,483,504,2009,2,1
Pave,2Story,6,Typ,,190000,18800,1976,790,784,2006,3,1
Pave,2Story,5,Typ,,147000,10690,1920,672,672,2009,3,1
Pave,1Story,6,Typ,,159000,9500,1963,1394,0,2009,3,1
Pave,SLvl,6,Typ,,165000,9150,1962,1431,0,2008,3,1
Pave,1Story,5,Typ,,132000,7800,1954,1268,0,2010,2,1
Pave,1Story,5,Typ,,162000,9830,1959,1287,0,2010,3,1
Pave,2Story,6,Typ,,172400,8121,2000,953,711,2006,3,1
Pave,1.5Fin,4,Min2,,134432,17120,1959,1120,468,2008,4,1
Pave,1Story,6,Typ,,125000,7175,1984,752,0,2010,2,1
Pave,1Story,5,Min2,,123000,10634,1953,1319,0,2009,3,1
Pave,2Story,7,Typ,,219500,8200,2003,847,1081,2007,4,1
Pave,1Story,1,Maj1,,61000,10020,1922,904,0,2009,1,1
Pave,SFoyer,5,Typ,,148000,8846,1996,914,0,2006,2,1
Pave,2Story,8,Typ,,340000,11143,2004,1580,886,2007,4,1
Pave,1Story,9,Typ,,394432,11394,2010,1856,0,2010,1,1
Pave,2Story,6,Typ,,179000,8123,2000,1007,793,2009,3,1
Pave,1.5Fin,5,Typ,,127000,5000,1924,1026,665,2010,3,1
Pave,1Story,7,Typ,,187750,7200,2006,1301,0,2006,2,1
Pave,2Story,7,Typ,,213500,9245,2006,939,858,2007,3,1
Pave,1.5Unf,6,Typ,,76000,9000,1928,784,0,2009,2,1
Pave,2Story,6,Typ,,240000,53107,1992,1079,874,2007,3,1
Pave,1Story,8,Typ,,192000,3182,2004,1269,0,2010,2,1
Pave,1.5Fin,5,Typ,,81000,8410,1910,658,526,2006,5,1
Pave,SLvl,6,Typ,,125000,7200,1976,1125,0,2009,3,1
Pave,1Story,7,Typ,,191000,9382,1999,1479,0,2008,3,1
Pave,2Story,10,Typ,,426000,12474,2007,1742,590,2008,3,1
Pave,1.5Fin,5,Typ,,119000,8405,1900,961,406,2008,4,1
Pave,2Story,6,Typ,,215000,12209,2001,804,1157,2009,3,1
Pave,1Story,5,Typ,Shed,106500,8339,1959,882,0,2007,3,1
Pave,1Story,4,Typ,,100000,7446,1941,788,0,2006,2,1
Pave,1.5Fin,5,Typ,,109000,10134,1940,735,299,2007,2,1
Pave,1Story,5,Typ,,129000,9571,1956,1144,0,2010,3,1
Pave,1Story,5,Typ,,123000,7200,1972,894,0,2009,2,1
Pave,2Story,5,Typ,,169500,7590,1962,876,936,2007,4,1
Pave,1Story,5,Maj2,,67000,8967,1920,1077,0,2007,2,1
Pave,2Story,7,Typ,,241000,8125,2006,1112,438,2009,2,1
Pave,1Story,8,Typ,,245500,14963,1996,1288,0,2008,1,1
Pave,1Story,7,Typ,,164990,8767,2005,1310,0,2006,3,1
Pave,1Story,5,Typ,,108000,10200,1940,672,0,2008,2,1
Pave,2Story,8,Typ,,258000,12090,1998,1165,1098,2006,4,1
Pave,2Story,6,Typ,,168000,10364,1995,806,766,2007,3,1
Pave,1Story,4,Min1,,150000,9991,1976,1620,0,2009,3,1
Pave,1.5Fin,6,Maj2,,115000,10480,1936,1166,0,2008,3,1
Pave,2Story,6,Typ,,177000,15576,1915,840,840,2008,4,1
Pave,2Story,7,Typ,,280000,14154,2006,1071,1101,2007,3,1
Pave,2Story,8,Typ,,339750,10800,2007,1050,1028,2008,3,1
Pave,1Story,5,Mod,,60000,9571,1958,1276,0,2009,3,1
Pave,1Story,5,Typ,,145000,34650,1955,1056,0,2006,3,1
Pave,1Story,7,Typ,,222000,4403,2009,1478,0,2010,2,1
Pave,1Story,5,Typ,,115000,8960,1927,1028,0,2010,2,1
Pave,2Story,7,Typ,,228000,11228,1993,1080,1017,2008,3,1
Pave,1Story,7,Typ,,181134,8899,2007,1340,0,2007,3,1
Pave,2Story,6,Typ,,149500,7844,1978,672,728,2006,3,1
Pave,2Story,6,Typ,,239000,22420,1918,1370,1254,2007,4,1
Pave,1.5Fin,5,Typ,,126000,8160,1940,756,378,2007,3,1
Pave,1Story,5,Typ,,142000,8450,1968,1056,0,2010,3,1
Pave,SFoyer,7,Typ,,206300,7060,1997,1344,0,2008,2,2
Pave,1Story,6,Typ,,215000,16635,1977,1602,0,2009,3,1
Pave,1Story,5,Typ,,113000,21750,1954,988,0,2008,2,1
Pave,2Story,8,Typ,,315000,9200,1998,1470,1160,2008,4,1
Pave,1Story,6,Typ,,139000,9000,1956,1196,0,2008,2,1
Pave,2Story,7,Typ,,135000,3378,1946,707,682,2009,3,1
Pave,SLvl,7,Typ,,275000,12800,1989,1644,0,2009,2,1
Pave,1Story,4,Typ,,109008,8593,1957,907,0,2008,3,1
Pave,1Story,7,Typ,,195400,6762,2007,1208,0,2007,2,1
Pave,1Story,6,Typ,,175000,11457,1988,1412,0,2009,3,1
Pave,2Story,6,Typ,,85400,1680,1971,483,504,2008,2,1
Pave,1.5Fin,6,Typ,,79900,5586,1920,1088,110,2008,4,1
Pave,2Story,5,Min1,,122500,1920,1971,765,600,2007,2,1
Pave,2Story,6,Typ,,181000,10839,1997,926,678,2008,3,1
Pave,SFoyer,4,Typ,,81000,1890,1972,630,0,2008,1,1
Pave,2Story,7,Typ,,212000,10667,1996,827,834,2009,3,1
Pave,1.5Fin,6,Typ,,116000,4400,1920,734,384,2006,2,1
Pave,1.5Unf,6,Typ,,119000,6000,1926,904,0,2009,2,1
Pave,1Story,5,Typ,,90350,4280,1913,694,0,2007,2,1
Pave,1.5Fin,6,Typ,Shed,110000,12354,1920,684,512,2009,3,1
Pave,1Story,10,Typ,,555000,15431,2008,2402,0,2009,2,1
Pave,1Story,4,Typ,,118000,12108,1955,1440,0,2008,4,2
Pave,1.5Fin,5,Typ,,162900,6240,1930,1128,445,2008,3,1
Pave,1Story,7,Typ,,172500,3922,2006,1258,0,2007,2,1
Pave,2Story,7,Typ,,210000,8750,1994,933,975,2008,4,1
Pave,1Story,6,Typ,,127500,9855,1956,1689,0,2009,3,1
Pave,1Story,6,Mod,,190000,16492,1966,1888,0,2010,2,1
Pave,2Story,7,Typ,,199900,11214,1998,956,930,2006,4,1
Pave,1.5Fin,6,Typ,,119500,8600,1937,780,596,2006,3,1
Pave,1.5Fin,3,Typ,,120000,6000,1948,679,504,2007,2,1
Pave,1Story,6,Typ,,110000,5684,1930,813,0,2006,2,1
Pave,1Story,7,Typ,,280000,70761,1975,1533,0,2006,2,1
Pave,2Story,6,Typ,,204000,9303,1996,888,868,2007,3,1
Pave,2Story,8,Typ,,210000,9000,2008,786,804,2009,3,1
Pave,1Story,5,Typ,,188000,9297,1976,1728,0,2006,4,2
Pave,1Story,7,Typ,,175500,9600,1973,1242,0,2007,3,1
Pave,2Story,5,Typ,,98000,4571,1916,624,720,2008,4,1
Pave,1Story,4,Min1,,256000,53227,1954,1663,0,2008,2,1
Pave,2Story,8,Typ,,161000,5100,1925,833,833,2008,3,1
Pave,1.5Fin,5,Typ,,110000,7015,1950,979,224,2009,3,1
Pave,2Story,8,Typ,,263435,8004,2009,832,1103,2009,3,1
Pave,2Story,7,Typ,,155000,7200,1936,575,560,2009,3,1
Pave,1Story,5,Typ,,62383,8281,1965,864,0,2009,3,1
Pave,2Story,6,Typ,,188700,11988,1934,849,811,2008,3,1
Pave,1Story,5,Typ,,124000,8430,1978,1040,0,2009,3,1
Pave,1Story,7,Typ,,178740,3072,2004,1414,0,2006,2,1
Pave,1Story,7,Typ,,167000,10628,1970,1277,0,2007,2,1
Pave,2Story,5,Typ,,146500,9480,1942,888,756,2007,3,1
Pave,1Story,8,Typ,,250000,11428,2006,1634,0,2007,3,1
Pave,2Story,6,Typ,,187000,9291,1993,832,878,2008,3,1
Pave,1Story,8,Typ,,212000,6820,1985,1502,0,2010,1,1
Pave,2Story,7,Typ,,190000,11952,1977,1161,808,2007,3,1
Pave,SLvl,6,Typ,,148000,3675,2005,1072,0,2008,2,1
Pave,1Story,8,Typ,,440000,14977,2006,1976,0,2007,2,1
Pave,1Story,8,Typ,,251000,5330,2000,1652,0,2007,2,1
Pave,1Story,5,Typ,,132500,8480,1963,970,0,2007,2,1
Pave,1Story,6,Typ,,208900,13125,1997,1493,0,2008,3,1
Pave,2Story,9,Typ,,380000,13693,2006,2069,574,2007,3,1
Pave,1Story,8,Typ,,297000,10637,2007,1718,0,2009,3,1
Pave,1Story,4,Typ,,89471,5925,1937,1131,0,2007,2,1
Pave,1Story,9,Typ,,326000,16033,2004,1850,0,2006,3,1
Pave,1Story,9,Typ,,374000,11846,2003,1792,0,2006,2,1
Pave,2Story,7,Min2,,155000,2500,1915,916,910,2009,4,1
Pave,1Story,6,Typ,,164000,4500,1998,1216,0,2006,2,1
Pave,1Story,5,Typ,,132500,7758,1962,999,0,2007,3,1
Pave,1Story,5,Typ,,147000,9600,1950,1113,0,2009,3,1
Pave,1Story,5,Typ,,156000,10289,1965,1073,0,2007,3,1
Pave,1Story,5,Typ,,175000,12243,1971,1484,0,2007,3,1
Pave,1.5Fin,5,Mod,,160000,10800,1900,1766,648,2006,3,2
Pave,SFoyer,4,Typ,,86000,1526,1970,630,0,2009,1,1
Pave,2Story,5,Typ,,115000,2665,1976,616,688,2008,3,1
Pave,1.5Fin,6,Typ,,133000,9490,1941,958,620,2006,3,1
Pave,2Story,6,Typ,,172785,15578,2006,728,728,2006,3,1
Pave,1Story,5,Typ,,155000,7931,1960,1269,0,2008,3,1
Pave,1Story,5,Typ,,91300,5784,1938,886,0,2009,2,1
Pave,1Story,4,Typ,,34900,7879,1920,720,0,2009,2,1
Pave,1Story,8,Typ,,430000,12692,1992,3228,0,2007,4,1
Pave,1.5Fin,7,Typ,,184000,9120,1925,1133,687,2008,4,1
Pave,1Story,5,Typ,,130000,7800,1967,899,0,2009,3,1
Pave,1Story,5,Typ,Shed,120000,7535,1958,912,0,2007,2,1
Pave,2Story,6,Typ,,113000,1890,1973,672,546,2007,3,1
Pave,2Story,7,Typ,,226700,9803,2005,866,902,2008,3,1
Pave,1Story,5,Typ,Shed,140000,9170,1965,1214,0,2007,2,1
Pave,1Story,7,Typ,,289000,15602,1959,1801,0,2010,1,1
Pave,2Story,6,Typ,,147000,2308,1974,855,467,2009,3,1
Pave,2Story,5,Typ,,124500,7596,1952,960,1000,2009,4,2
Pave,2Story,8,Typ,,215000,9554,1993,1065,846,2006,3,1
Pave,1Story,6,Typ,,208300,7862,2009,1218,0,2009,2,1
Pave,2Story,7,Typ,,161000,9600,1928,689,689,2008,3,1
Pave,1Story,5,Typ,,124500,9600,1959,1041,0,2009,3,1
Pave,1Story,5,Min1,Shed,164900,14559,1951,1363,0,2009,2,1
Pave,1Story,7,Typ,,202665,6792,2005,1368,0,2006,2,1
Pave,1Story,5,Typ,,129900,9100,1958,864,0,2006,3,1
Pave,1Story,6,Typ,,134000,9187,1983,1080,0,2007,3,1
Pave,1.5Unf,5,Typ,,96500,10594,1926,789,0,2007,2,1
Pave,1Story,10,Typ,,402861,12220,2009,2020,0,2009,3,1
Pave,SLvl,6,Typ,,158000,10448,1972,1378,741,2009,3,1
Pave,2Story,7,Typ,,265000,10208,1996,1277,1067,2009,3,1
Pave,2Story,6,Typ,,211000,9531,1998,882,914,2007,3,1
Pave,2Story,7,Typ,,234000,10918,1926,1276,804,2009,3,1
Pave,2Story,4,Typ,,106250,10800,1900,694,600,2008,3,2
Pave,1Story,6,Typ,,150000,11988,1957,1244,0,2007,3,1
Pave,1.5Fin,6,Typ,,159000,5000,1947,1004,660,2006,3,1
Pave,2Story,10,Typ,,184750,40094,2007,3138,1538,2007,3,1
Pave,2Story,7,Typ,,315750,11787,1996,1383,1015,2007,3,1
Pave,1Story,7,Typ,,176000,7500,2005,1266,0,2006,3,1
Pave,1Story,5,Typ,,132000,13300,1956,928,0,2007,2,1
Pave,2Story,9,Typ,,446261,14948,2008,1476,1237,2008,3,1
Pave,1Story,4,Typ,,86000,9098,1920,605,0,2007,2,1
Pave,1Story,6,Maj1,,200624,32668,1957,2515,0,2007,4,2
Pave,SLvl,6,Typ,,175000,10200,1988,1509,0,2008,3,1
Pave,2Story,6,Typ,,128000,6155,1920,751,611,2008,3,1
Pave,1Story,5,Mod,,107500,7200,1955,827,0,2010,2,1
Pave,1Story,1,Typ,,39300,5000,1946,334,0,2007,1,1
Pave,2Story,8,Typ,,178000,9056,2004,707,707,2006,3,1
Pave,2Story,5,Typ,,107500,7000,1910,820,527,2008,3,1
Pave,2Story,7,Typ,,188000,8924,1998,880,844,2008,3,1
Pave,1Story,4,Typ,,111250,12735,1972,864,0,2008,3,1
Pave,1Story,5,Typ,,158000,11553,1968,1159,0,2006,3,1
Pave,1Story,8,Typ,Shed,272000,11423,2001,1601,0,2010,3,1
Pave,1Story,9,Typ,,315000,14601,2006,1838,0,2009,2,1
Pave,2Story,8,Typ,,248000,11000,2000,997,1288,2007,4,1
Pave,1Story,7,Maj1,,213250,10140,1998,1680,0,2009,3,1
Pave,SFoyer,7,Typ,,133000,4058,1998,767,0,2007,1,1
Pave,2Story,7,Typ,,179665,17104,2006,664,832,2006,3,1
Pave,1.5Fin,7,Typ,,229000,13837,1988,1377,806,2006,4,1
Pave,1.5Fin,6,Typ,,210000,8737,1923,915,720,2007,3,1
Pave,SFoyer,5,Typ,,129500,7244,1970,768,0,2007,2,1
Pave,1Story,5,Typ,,125000,8235,1955,825,0,2008,2,1
Pave,2Story,7,Typ,,263000,9375,2003,912,1182,2009,4,1
Pave,1Story,6,Typ,,140000,4043,1977,1069,0,2008,2,1
Pave,1Story,5,Typ,,112500,6000,1957,928,0,2008,3,1
Pave,1Story,8,Typ,,255500,11146,2006,1717,0,2009,3,1
Pave,1Story,4,Typ,,108000,8777,1949,1126,0,2009,2,1
Pave,2Story,7,Typ,,284000,10625,2003,1006,1040,2008,3,1
Pave,1.5Unf,5,Typ,,113000,6380,1922,1048,0,2006,2,1
Pave,1Story,5,Typ,,141000,14850,1957,1092,0,2006,2,1
Pave,1.5Fin,4,Typ,,108000,11040,1920,897,439,2006,3,1
Pave,2Story,7,Typ,,175000,21872,1996,729,717,2008,3,1
Pave,1Story,7,Typ,,234000,3196,2003,1557,0,2006,2,1
Pave,1Story,5,Mod,,121500,11341,1957,1392,0,2010,3,1
Pave,1Story,5,Typ,,170000,10010,1974,1389,0,2006,2,1
Pave,1Story,5,Typ,,108000,13907,1940,996,0,2008,3,1
Pave,1.5Fin,6,Typ,,185000,21780,1918,1163,511,2008,4,1
Pave,2Story,7,Typ,,268000,13346,1992,1166,1129,2006,4,1
Pave,2Story,6,Typ,,128000,6858,1915,841,806,2010,4,1
Pave,2Story,9,Typ,,325000,11198,2005,1134,1370,2008,4,1
Pave,1Story,7,Typ,,214000,10171,2004,1535,0,2010,3,1
Pave,1.5Fin,8,Min2,,316600,12327,1983,1496,636,2009,1,1
Pave,SFoyer,5,Typ,,135960,7032,1979,943,0,2006,2,1
Pave,1Story,5,Typ,,142600,13101,1965,1728,0,2008,6,2
Pave,1Story,6,Typ,,120000,7332,1959,864,0,2006,2,1
Pave,2Story,7,Typ,,224500,13159,2009,846,846,2009,3,1
Pave,SLvl,7,Typ,,170000,9967,2000,774,656,2007,3,1
Pave,SLvl,5,Typ,,139000,10500,1971,576,533,2007,3,1
Pave,1.5Fin,5,Typ,,118500,8480,1947,832,384,2008,2,1
Pave,1.5Fin,7,Typ,,145000,6292,1928,877,600,2009,3,1
Pave,SLvl,5,Typ,,164500,11777,1966,1320,0,2006,3,1
Pave,2Story,7,Typ,,146000,3604,2007,703,689,2008,2,1
Pave,1.5Fin,5,Typ,,131500,12150,1954,1050,745,2008,4,1
Pave,1Story,6,Typ,,181900,14585,1960,1429,0,2007,3,1
Pave,1Story,8,Typ,,253293,12704,2008,2042,0,2009,3,1
Grvl,SFoyer,6,Typ,,118500,11841,1990,816,0,2007,3,1
Pave,2.5Unf,10,Typ,,325000,13500,1893,1521,1254,2008,3,1
Pave,1.5Fin,4,Typ,,133000,6120,1935,989,584,2009,3,1
Pave,1Story,8,Typ,,369900,11443,2005,2028,0,2006,2,1
Pave,1Story,6,Typ,,130000,10267,1918,838,0,2008,2,1
Pave,SFoyer,5,Typ,,137000,8740,1982,860,0,2009,2,1
Pave,1Story,5,Typ,,143000,25095,1968,1473,0,2009,1,1
Pave,1Story,5,Typ,Shed,79500,9100,1930,779,0,2008,2,1
Pave,2Story,7,Typ,,185900,8320,2004,770,812,2008,3,1
Pave,2Story,10,Typ,,451950,13478,2008,1728,568,2009,3,1
Pave,1Story,5,Typ,,138000,6600,1982,816,0,2008,2,1
Pave,1Story,6,Typ,,140000,4435,2003,848,0,2009,1,1
Pave,1Story,5,Typ,,110000,7990,1975,924,0,2008,3,1
Pave,1Story,8,Typ,,319000,11302,2005,1826,0,2006,3,1
Pave,2Story,6,Typ,,114504,3600,1910,684,684,2006,3,1
Pave,1Story,7,Typ,,194201,3922,2006,1402,0,2007,2,1
Pave,1Story,5,Typ,,217500,12984,1977,1647,0,2006,3,1
Pave,2Story,6,Typ,,151000,1950,1980,716,840,2008,3,1
Pave,2Story,8,Typ,,275000,10927,2005,1058,846,2006,3,1
Pave,1.5Fin,6,Typ,,141000,9000,1937,780,595,2007,3,1
Pave,2Story,8,Typ,,220000,10041,1992,927,988,2006,3,1
Pave,2Story,7,Typ,,151000,3182,2004,600,600,2010,2,1
Pave,1Story,7,Typ,,221000,12803,2002,1494,0,2008,3,1
Pave,2Story,7,Typ,,205000,13600,1965,1186,800,2009,3,1
Pave,1Story,5,Typ,,152000,12464,1996,1040,0,2009,3,1
Pave,2Story,5,Typ,,225000,7800,1948,1112,896,2006,3,1
Pave,2Story,8,Typ,,359100,12168,1934,1940,1254,2007,4,1
Pave,1Story,4,Typ,,118500,7943,1961,1029,0,2007,3,1
Pave,2Story,9,Typ,,313000,11050,2000,1476,677,2009,3,1
Pave,SLvl,6,Typ,Shed,148000,10395,1978,1032,0,2007,3,1
Pave,2Story,8,Typ,,261500,11885,2001,1299,573,2009,3,1
Pave,1Story,5,Typ,,147000,8402,2007,1120,0,2007,3,1
Pave,SFoyer,4,Typ,,75500,1491,1972,630,0,2010,1,1
Pave,SFoyer,6,Typ,,137500,8800,1963,1054,0,2010,3,1
Pave,2Story,6,Typ,,183200,7861,2002,807,702,2006,3,1
Pave,1.5Unf,6,Typ,,105500,7227,1954,832,0,2008,2,1
Pave,1Story,9,Typ,,314813,11694,2007,1828,0,2007,3,1
Pave,2Story,8,Typ,,305000,12244,2003,1482,780,2008,4,1
Pave,1Story,3,Typ,,67000,8248,1914,864,0,2008,2,1
Pave,2Story,6,Typ,,240000,10800,1974,1548,1066,2008,4,1
Pave,1Story,5,Typ,,135000,7064,1977,980,0,2009,3,1
Pave,2Story,6,Typ,,168500,2117,2000,756,756,2007,2,1
Pave,2Story,6,Min2,,165150,10400,1972,1012,778,2006,4,1
Pave,1Story,6,Typ,,160000,10000,1962,1116,0,2010,3,1
Pave,1Story,5,Min1,Shed,139900,12342,1960,1422,0,2007,3,1
Pave,SLvl,6,Typ,,153000,9600,1955,1520,0,2010,3,1
Pave,2Story,5,Typ,,135000,11606,1969,1040,1040,2007,5,1
Pave,SLvl,6,Typ,,168500,9020,1964,1350,0,2008,3,1
Pave,2Story,5,Typ,,124000,9000,1880,1089,661,2006,3,1
Pave,1Story,8,Typ,,209500,4590,2006,1554,0,2007,2,1
Pave,1Story,7,Typ,,82500,11900,1977,1411,0,2009,3,1
Pave,1Story,5,Typ,,139400,9250,1954,1056,0,2007,3,1
Pave,SFoyer,6,Typ,Shed,144000,6979,1980,1056,0,2010,0,2
Pave,2.5Fin,6,Typ,,200000,10896,1914,1440,1440,2007,8,2
Pave,1Story,2,Maj1,,60000,6120,1936,800,0,2009,1,1
Pave,1.5Fin,5,Typ,,93000,6000,1954,811,576,2009,3,2
Pave,1Story,5,Typ,,85000,8777,1910,796,0,2008,2,1
Pave,1Story,8,Typ,,264561,3982,2006,1567,0,2006,1,1
Pave,1Story,8,Typ,,274000,12677,2003,1518,0,2008,1,1
Pave,2Story,7,Typ,,226000,7050,2001,1057,872,2007,3,1
Pave,SLvl,8,Typ,,345000,13860,1972,2000,704,2009,4,1
Pave,2Story,5,Min1,,152000,10793,1969,780,840,2007,4,1
Pave,1Story,9,Typ,,370878,9187,2009,1766,0,2009,2,1
Pave,1Story,6,Typ,,143250,10530,1971,981,0,2007,3,1
Pave,1Story,5,Min1,,98300,7200,1950,1048,0,2008,3,1
Pave,1Story,6,Typ,,155000,10452,1953,1094,0,2008,3,1
Pave,2Story,6,Typ,,155000,7700,1966,1051,788,2010,4,1
Pave,SFoyer,4,Typ,,84500,1936,1970,630,0,2007,1,1
Pave,2Story,7,Typ,,205950,8125,2007,822,843,2008,3,1
Pave,2Story,4,Typ,,108000,9084,1940,755,755,2009,4,1
Pave,2Story,7,Typ,,191000,8750,1996,909,807,2009,2,1
Pave,1.5Fin,6,Typ,,135000,10320,1906,756,713,2008,3,1
Pave,1Story,8,Typ,,350000,10437,1995,2113,0,2008,2,1
Pave,2Story,6,Typ,,88000,1680,1971,525,567,2010,3,1
Pave,1Story,5,Typ,,145500,10007,1959,1053,0,2008,3,1
Pave,2Story,7,Typ,,149000,7200,1931,851,651,2008,3,1
Pave,1.5Fin,6,Typ,,97500,17503,1948,912,546,2010,3,1
Pave,1Story,5,Typ,,167000,9937,1964,1486,0,2009,3,1
Pave,2Story,7,Typ,,197900,12384,1976,1142,793,2007,3,1
Pave,2Story,8,Typ,,402000,46589,1994,1686,762,2009,4,1
Pave,1Story,6,Maj2,,110000,13560,1968,1392,0,2009,2,1
Pave,SFoyer,4,Typ,,137500,10012,1972,1181,0,2008,3,1
Pave,1Story,8,Typ,,423000,20896,2005,2097,0,2006,1,1
Pave,2Story,8,Typ,,230500,11194,2000,1454,482,2006,3,1
Pave,2Story,6,Sev,,129000,18450,1965,1465,915,2007,3,1
Pave,1Story,6,Typ,,193500,8125,1994,1679,0,2008,3,1
Pave,1Story,5,Min2,,168000,14175,1956,1437,0,2006,3,1
Pave,1Story,4,Typ,,137500,11600,1922,1180,0,2006,2,1
Pave,2Story,6,Typ,,173500,8633,2005,738,738,2009,3,1
Pave,2Story,6,Typ,,103600,6629,1925,697,672,2009,3,1
Pave,1Story,6,Typ,,165000,11250,1977,1208,0,2006,3,1
Pave,1Story,6,Typ,,257500,14442,1957,1839,0,2007,3,1
Pave,1Story,6,Typ,,140000,9200,1965,1136,0,2008,3,1
Pave,2Story,6,Typ,,148500,2289,1978,855,586,2009,3,1
Pave,2Story,4,Min2,,87000,9600,1900,1095,679,2006,4,2
Pave,1Story,5,Typ,,109500,9022,1924,792,0,2009,2,1
Pave,1Story,8,Typ,,372500,11844,2008,2046,0,2009,3,1
Pave,1Story,5,Typ,,128500,9945,1961,988,0,2007,3,1
Pave,1Story,6,Typ,,143000,8012,1980,923,0,2010,2,1
Pave,1.5Fin,5,Typ,,159434,4500,1932,848,672,2009,3,1
Pave,1Story,6,Typ,,173000,2887,1996,1291,0,2008,2,1
Pave,1Story,9,Typ,,285000,11248,2002,1668,0,2007,3,1
Pave,2Story,7,Typ,,221000,16770,1998,1195,644,2010,4,1
Pave,2Story,7,Min1,,207500,5062,1984,1190,900,2007,3,1
Pave,2Story,7,Typ,,227875,10207,2007,874,887,2007,3,1
Pave,2Story,7,Typ,,148800,5105,2004,551,551,2007,2,1
Pave,1Story,8,Typ,,392000,8089,2007,1419,0,2007,2,1
Pave,1Story,6,Typ,,194700,7577,2005,1362,0,2007,2,1
Pave,1Story,6,Typ,,141000,4426,2004,848,0,2008,1,1
Pave,2Story,10,Typ,,755000,21535,1994,2444,1872,2007,4,1
Pave,2Story,7,Typ,,335000,26178,1989,1238,1281,2006,4,1
Pave,1Story,5,Typ,,108480,5400,1921,1073,0,2006,2,1
Pave,1.5Fin,5,Typ,,141500,6120,1936,1067,472,2009,3,1
Pave,1Story,6,Typ,,176000,13811,1987,1137,0,2006,2,1
Pave,1Story,5,Typ,,89000,6000,1921,616,0,2006,2,1
Pave,1Story,5,Typ,,123500,6420,1952,1148,0,2006,2,1
Pave,1Story,5,Typ,,138500,8450,1965,894,0,2010,3,1
Pave,1Story,7,Typ,,196000,4282,2004,1391,0,2008,2,1
Pave,1Story,8,Typ,,312500,14331,2002,1800,0,2006,3,1
Pave,1Story,7,Typ,,140000,9600,1969,1164,0,2006,3,1
Pave,2Story,8,Typ,,361919,12438,2006,1264,1312,2006,4,1
Pave,2Story,5,Typ,,140000,7630,1900,1032,780,2010,4,2
Pave,1Story,7,Typ,,213000,8400,2004,1484,0,2010,3,1
Pave,2Story,4,Mod,Othr,55000,5600,1930,372,720,2010,3,2
Pave,1Story,7,Typ,,302000,115149,1971,1824,0,2007,2,1
Pave,1Story,8,Typ,,254000,6240,2006,1324,0,2009,2,1
Pave,2Story,7,Typ,,179540,9018,2007,728,728,2007,3,1
Pave,1Story,5,Typ,,109900,7162,1966,904,0,2008,3,1
Pave,1Story,3,Maj2,,52000,4130,1935,729,0,2008,2,1
Pave,1.5Fin,4,Typ,,102776,8712,1900,859,319,2010,2,1
Pave,1Story,8,Typ,,189000,4671,1988,1228,0,2008,2,1
Pave,1Story,4,Typ,,129000,9873,1970,960,0,2006,3,1
Pave,2Story,6,Typ,,130500,13517,1976,725,754,2010,3,1
Pave,1Story,6,Typ,,165000,10140,1974,1350,0,2009,3,1
Pave,2Story,7,Typ,,159500,10800,1890,1576,978,2007,3,1
Pave,1Story,5,Typ,,157000,10000,1973,1178,0,2008,3,1
Pave,2Story,7,Typ,,341000,10542,1993,1325,1093,2008,3,1
Pave,1Story,5,Typ,,128500,9920,1969,971,0,2006,3,1
Pave,1Story,8,Typ,,275000,6563,1985,1742,0,2006,2,1
Pave,1Story,6,Typ,,143000,4426,2004,848,0,2010,1,1
Pave,1Story,4,Typ,,124500,8120,1970,864,0,2009,3,1
Pave,1.5Fin,4,Typ,,135000,8172,1954,997,473,2008,4,1
Pave,1Story,9,Typ,,320000,13286,2007,1698,0,2009,3,1
Pave,1Story,4,Typ,Shed,120500,6960,1970,864,0,2009,3,1
Pave,1Story,6,Typ,,222000,21695,1988,1680,0,2009,3,1
Pave,1Story,7,Typ,,194500,7314,2007,1232,0,2009,2,1
Pave,1Story,5,Typ,,110000,11475,1958,1776,0,2009,4,2
Pave,1.5Fin,4,Typ,,103000,6240,1925,848,0,2009,2,1
Pave,1Story,8,Typ,,236500,5389,1995,1616,0,2010,2,1
Pave,SLvl,7,Typ,,187500,9590,2003,1146,0,2007,3,1
Pave,2Story,7,Typ,,222500,11404,1998,1153,878,2008,3,1
Pave,1Story,5,Typ,Shed,131400,10000,1961,1144,0,2009,3,1
Pave,1Story,5,Typ,,108000,8978,1968,948,0,2007,3,1
Pave,2.5Unf,7,Typ,,163000,10800,1914,880,888,2006,2,1
Pave,1Story,3,Typ,,93500,8544,1950,1040,0,2006,2,2
Pave,2Story,8,Typ,,239900,10463,2005,901,900,2006,3,1
Pave,1Story,5,Typ,,179000,10800,1987,1200,0,2009,3,1
Pave,2Story,7,Typ,,190000,9313,2004,864,864,2009,3,1
Pave,2Story,5,Typ,,132000,9600,1910,768,664,2007,2,1
Pave,1Story,6,Typ,,142000,6768,1961,912,0,2008,3,1
Pave,1Story,7,Typ,,179000,8450,2000,1349,0,2007,3,1
Pave,SLvl,5,Min2,,175000,12886,1963,1464,0,2009,3,1
Pave,1Story,8,Typ,,180000,5395,1993,1337,0,2008,2,1
Pave,2Story,8,Typ,,299800,8963,1976,1175,1540,2008,4,1
Pave,2Story,7,Typ,,236000,8795,2000,980,1276,2009,4,1
Pave,2Story,7,Typ,,265979,11700,1880,1320,1320,2009,4,1
Pave,1Story,7,Typ,,260400,10593,1996,1720,0,2010,3,1
Pave,1.5Fin,4,Mod,,98000,8405,1945,1088,441,2009,4,1
Pave,1.5Fin,4,Min2,,96500,8800,1910,792,348,2010,3,1
Pave,2Story,7,Typ,,162000,7750,2003,660,660,2007,3,1
Pave,1Story,6,Typ,,217000,9236,1997,1494,0,2006,3,1
Pave,2Story,8,Typ,,275500,10240,2005,1038,1060,2006,3,1
Pave,1Story,6,Typ,,156000,7930,1969,1026,0,2009,3,1
Pave,2Story,6,Typ,,172500,3230,1999,742,729,2009,3,1
Pave,2Story,8,Typ,,212000,10769,2007,866,902,2009,3,1
Pave,2Story,6,Typ,,158900,11616,1978,672,714,2010,3,1
Pave,2Story,7,Typ,,179400,2280,1999,757,744,2008,3,1
Pave,2Story,8,Typ,,290000,12257,1995,1328,1203,2007,4,1
Pave,1Story,6,Typ,Shed,127500,9100,1959,864,0,2009,2,1
Pave,1Story,5,Min1,,100000,6911,1924,1301,0,2009,2,1
Pave,2Story,7,Typ,,215200,8640,2009,764,783,2010,3,1
Pave,2Story,8,Typ,,337000,9430,1999,1268,1097,2009,3,1
Pave,1Story,8,Typ,,270000,9549,1995,1494,0,2006,2,1
Pave,1Story,9,Typ,,264132,14587,2008,1506,0,2008,2,1
Pave,2Story,7,Typ,Shed,196500,10421,1988,980,734,2010,3,1
Pave,1.5Fin,6,Mod,Shed,160000,12508,1940,983,767,2008,4,1
Pave,1Story,7,Typ,,216837,9100,2004,1836,0,2006,3,1
Pave,2Story,8,Mod,,538000,53504,2003,1690,1589,2010,4,1
Pave,SFoyer,5,Typ,,134900,7252,1982,858,0,2009,2,1
Pave,1Story,4,Typ,,102000,8877,1951,1220,0,2006,2,1
Pave,SLvl,6,Typ,,107000,7819,1976,1117,0,2010,3,1
Pave,1Story,5,Typ,,114500,10150,1958,912,0,2007,2,1
Pave,1Story,8,Typ,,395000,14226,2006,1973,0,2007,3,1
Pave,1Story,6,Typ,,162000,4500,1998,1204,0,2009,2,1
Pave,1Story,7,Typ,,221500,11210,2005,1614,0,2006,3,1
Pave,1Story,5,Typ,,142500,13350,1974,894,0,2006,3,1
Pave,1Story,5,Typ,,144000,8400,1977,2020,0,2007,4,2
Pave,SFoyer,6,Typ,,135000,10530,1977,1004,0,2006,2,1
Pave,1Story,7,Typ,,176000,7875,1995,1253,0,2007,3,1
Pave,2Story,6,Typ,,175900,7153,1992,810,793,2006,3,1
Pave,1Story,7,Typ,,187100,16285,2001,1430,0,2009,3,1
Pave,SFoyer,5,Typ,,165500,9101,1978,1110,0,2009,1,1
Pave,2.5Unf,6,Typ,,128000,6300,1914,742,742,2008,3,1
Pave,1Story,6,Typ,,161500,9790,1967,1342,0,2009,3,1
Pave,1.5Fin,5,Typ,Shed,139000,10800,1915,966,686,2010,4,1
Pave,2Story,7,Typ,,233000,10142,2004,956,1128,2010,4,1
Pave,1Story,4,Typ,,107900,6000,1954,901,0,2008,2,1
Pave,2Story,6,Typ,,187500,12205,1966,976,1111,2007,5,1
Pave,1Story,7,Typ,,160200,3182,2005,1145,0,2009,2,1
Pave,SLvl,6,Typ,,146800,11333,1976,1062,0,2007,3,1
Pave,2Story,7,Typ,,269790,9920,1996,1127,886,2007,3,1
Pave,1Story,8,Typ,,225000,9158,2007,1496,0,2007,3,1
Pave,2Story,7,Typ,Shed,194500,10832,1994,1086,809,2008,3,1
Pave,2Story,6,Typ,,171000,8400,1980,888,676,2010,3,1
Pave,1Story,6,Typ,,143500,8197,1977,1285,0,2007,3,1
Pave,1Story,5,Typ,,110000,7677,1953,773,0,2008,2,1
Pave,2Story,9,Typ,,485000,13518,2008,1966,1174,2009,4,1
Pave,1.5Fin,5,Typ,,175000,7200,1937,981,787,2007,3,1
Pave,2Story,6,Typ,Shed,200000,12798,1997,616,1072,2008,4,1
Pave,1Story,4,Typ,,109900,4800,1916,1196,0,2007,2,1
Pave,2Story,7,Typ,,189000,8199,2005,728,728,2008,3,1
Pave,2Story,9,Typ,,582933,13891,2008,1734,1088,2009,4,1
Pave,1Story,5,Min1,,118000,9000,1954,1128,0,2006,2,1
Pave,1Story,7,Typ,,227680,12274,2008,1428,0,2008,3,1
Pave,SLvl,5,Typ,,135500,9750,1967,980,0,2006,3,1
Pave,2Story,5,Typ,,223500,21384,1923,1072,504,2009,3,1
Pave,SLvl,5,Typ,,159950,13400,1966,1086,0,2006,3,1
Pave,2.5Unf,5,Typ,,106000,8100,1898,1075,1063,2009,2,3
Pave,1Story,6,Typ,,181000,10140,1974,1309,0,2006,3,1
Pave,1Story,6,Typ,,144500,4438,2004,848,0,2008,1,1
Grvl,1Story,5,Typ,Shed,55993,8712,1952,1044,0,2010,2,1
Pave,1Story,6,Typ,Shed,157900,9750,1958,1442,0,2007,4,1
Pave,1.5Fin,5,Typ,,116000,8248,1918,686,564,2006,3,1
Pave,1Story,7,Typ,,224900,12137,1998,1661,0,2010,3,1
Pave,1Story,5,Typ,,137000,11425,1954,1008,0,2006,2,1
Pave,1Story,8,Typ,,271000,13265,2002,1689,0,2008,3,1
Pave,SLvl,6,Typ,,155000,8816,1971,1052,0,2010,3,1
Pave,1Story,7,Typ,,224000,6371,2009,1358,0,2010,2,1
Pave,2Story,7,Typ,,183000,7226,2003,798,842,2008,3,1
Pave,1Story,4,Min2,,93000,6000,1953,936,0,2009,2,1
Pave,2Story,7,Typ,,225000,12394,2003,847,886,2007,3,1
Pave,1.5Fin,6,Typ,,139500,9900,1940,944,545,2009,3,1
Pave,1Story,8,Typ,,232600,11216,2006,1489,0,2006,3,1
Pave,1Story,10,Typ,,385000,14803,2007,2084,0,2008,2,1
Pave,1.5Unf,5,Typ,,109500,6130,1924,784,0,2008,2,1
Pave,1Story,7,Typ,,189000,8529,2001,1434,0,2009,3,1
Pave,2Story,5,Min2,,185000,28698,1967,1160,966,2009,3,1
Pave,2Story,7,Typ,,147400,2544,2005,520,623,2006,2,1
Pave,1Story,6,Typ,,166000,11900,1957,1392,0,2008,3,1
Pave,2Story,7,Typ,,151000,3180,2005,520,600,2006,2,1
Pave,2Story,7,Typ,,237000,9548,2003,941,888,2010,3,1
Pave,1Story,6,Typ,,167000,10004,1964,1516,0,2009,3,1
Pave,1Story,5,Typ,,139950,7875,1961,1144,0,2008,3,1
Pave,1Story,4,Min2,,128000,9600,1950,1067,0,2010,2,1
Pave,1Story,5,Min2,,153500,8100,1948,1559,0,2007,2,1
Pave,2Story,6,Typ,,100000,1680,1973,483,504,2008,2,1
Pave,1Story,5,Typ,,144000,9525,1995,1099,0,2008,3,1
Pave,1.5Fin,5,Typ,,130500,11767,1946,768,432,2008,3,1
Pave,2Story,6,Typ,,140000,12155,1925,810,672,2008,4,1
Pave,2Story,5,Typ,,157500,10440,1904,958,581,2008,3,1
Pave,SLvl,6,Typ,,174900,9020,1966,1165,0,2008,3,1
Pave,1Story,5,Typ,,141000,8000,1961,1800,0,2007,6,2
Pave,1.5Fin,5,Typ,,153900,12665,1915,876,540,2008,4,1
Pave,SFoyer,5,Min2,,171000,16647,1975,1701,0,2007,3,1
Pave,2Story,7,Typ,,213000,9317,1993,1006,769,2009,3,1
Pave,1Story,5,Typ,,133500,15523,1972,864,0,2009,3,1
Pave,1.5Fin,6,Typ,,240000,45600,1908,1307,1051,2008,5,1
Pave,SLvl,6,Typ,,187000,9600,1976,1094,761,2007,3,1
Pave,1Story,6,Typ,,131500,4435,2003,848,0,2007,1,1
Pave,1Story,8,Typ,,215000,3196,2003,1456,0,2006,2,1
Pave,2.5Unf,7,Typ,,164000,7128,1941,918,728,2007,4,1
Pave,SLvl,6,Typ,,158000,12095,1964,1445,0,2009,3,1
Pave,1Story,5,Typ,,170000,17920,1955,1779,0,2006,3,1
Pave,1Story,5,Typ,,127000,6897,1962,1040,0,2010,3,1
Pave,SLvl,6,Typ,,147000,10970,1978,1026,0,2008,3,1
Pave,2Story,6,Typ,,174000,8125,1994,702,779,2009,3,1
Pave,1Story,7,Typ,,152000,10400,1976,1370,0,2009,3,1
Pave,2Story,6,Typ,,250000,11029,1968,1512,1142,2006,4,1
Pave,1.5Fin,7,Typ,,189950,7642,1918,912,514,2007,3,1
Pave,1Story,5,Typ,,131500,11625,1965,1039,0,2010,3,1
Pave,1Story,6,Typ,,152000,9672,1984,1097,0,2010,3,1
Pave,1Story,5,Typ,,132500,7931,1959,1148,0,2009,3,1
Pave,1Story,7,Typ,,250580,8640,2007,1372,0,2008,3,1
Pave,1Story,5,Typ,,148500,8750,1970,1002,0,2009,3,1
Pave,1Story,8,Typ,,248900,10656,2006,1646,0,2007,3,1
Pave,1Story,4,Typ,Shed,129000,6970,1961,1120,0,2007,3,1
Pave,2Story,5,Typ,,169000,14762,1948,1547,720,2006,2,1
Pave,2Story,7,Typ,,236000,9938,1993,1062,887,2010,3,1
Pave,1Story,5,Typ,,109500,6600,1962,894,0,2009,2,1
Pave,2Story,6,Typ,,200500,8750,1998,804,878,2010,3,1
Pave,1Story,5,Typ,,116000,8892,1953,910,0,2008,3,1
Pave,1Story,5,Typ,Othr,133000,12144,1949,1036,0,2009,3,1
Pave,1.5Fin,5,Typ,,66500,5720,1941,676,455,2009,3,1
Pave,2Story,8,Typ,,303477,9000,2007,1184,1426,2007,4,1
Pave,1Story,4,Typ,,132250,25286,1963,1040,0,2007,3,1
Pave,2Story,9,Typ,,350000,8834,2004,1462,762,2009,4,1
Pave,SFoyer,5,Min2,Shed,148000,11782,1961,1155,0,2010,3,1
Pave,1Story,5,Typ,,136500,7000,1978,864,0,2009,3,1
Pave,1Story,5,Typ,,157000,7024,2005,1090,0,2007,2,1
Pave,1.5Fin,7,Typ,,187500,13758,1990,1187,530,2007,3,1
Pave,2Story,6,Typ,,178000,9636,1992,808,785,2009,3,1
Pave,2.5Fin,4,Typ,,118500,6204,1912,954,795,2006,5,1
Pave,1Story,5,Typ,,100000,7150,1967,892,0,2009,3,1
Pave,1Story,9,Typ,,328900,5119,1999,1709,0,2008,2,1
Pave,1Story,5,Typ,,145000,8393,1959,1712,0,2006,4,2
Pave,1.5Fin,5,Typ,,135500,16466,1955,872,521,2008,3,1
Pave,1Story,8,Typ,,268000,15865,1970,2217,0,2007,4,1
Pave,1Story,6,Typ,,149500,12160,1953,1505,0,2009,2,1
Pave,1.5Fin,5,Typ,Shed,122900,8064,1949,672,252,2007,3,1
Pave,2Story,6,Typ,,172500,11184,1978,918,765,2009,3,1
Pave,1Story,6,Typ,,154500,8414,1963,1068,0,2006,3,1
Pave,1Story,5,Typ,,165000,13284,1954,1383,0,2008,3,1
Pave,1Story,5,Typ,,118858,7018,1979,1535,0,2009,4,2
Pave,2Story,6,Typ,,140000,7056,1963,983,813,2008,4,1
Pave,1Story,4,Typ,,106500,8765,1936,951,0,2006,2,1
Pave,2Story,5,Typ,,142953,7018,1979,1120,1120,2009,6,2
Pave,1Story,9,Typ,,611657,12919,2009,2364,0,2010,2,1
Pave,1Story,5,Typ,,135000,6993,1961,1236,0,2006,3,1
Pave,1Story,4,Typ,,110000,7340,1971,858,0,2007,2,1
Pave,1Story,5,Typ,,153000,8712,1957,1306,0,2009,2,1
Pave,2Story,7,Typ,,180000,7875,2003,807,702,2006,3,1
Pave,1Story,7,Typ,,240000,14859,2006,1670,0,2006,3,1
Pave,1Story,5,Typ,,125500,6173,1967,902,0,2007,3,1
Pave,1Story,5,Typ,,128000,9920,1954,1063,0,2010,3,1
Pave,1Story,8,Typ,,255000,13501,2006,1636,0,2007,3,1
Pave,1.5Fin,7,Typ,,250000,11500,1936,1020,1037,2006,3,1
Pave,1Story,5,Typ,,131000,8885,1983,902,0,2006,2,1
Pave,2Story,6,Typ,,174000,12589,2005,742,742,2009,3,1
Pave,2Story,5,Typ,,154300,11600,1960,1105,1169,2010,5,2
Pave,1Story,5,Typ,,143500,9286,1977,1268,0,2009,3,1
Pave,1Story,5,Min1,Shed,88000,6120,1925,1015,0,2006,3,1
Pave,2Story,5,Typ,,145000,6270,1949,1001,1001,2007,4,2
Pave,2Story,6,Typ,,173733,3000,2009,612,612,2009,2,1
Pave,2Story,4,Typ,,75000,2001,1970,546,546,2007,3,1
Pave,1Story,2,Typ,,35311,9000,1949,480,0,2006,1,1
Pave,1Story,4,Typ,,135000,17140,1956,1229,0,2009,3,1
Pave,2Story,7,Typ,,238000,13125,1991,912,1215,2007,4,1
Pave,1Story,6,Min1,,176500,11029,1958,1414,0,2008,3,1
Pave,2Story,6,Typ,,201000,8462,1994,936,785,2007,3,1
Pave,1.5Fin,5,Typ,,145900,8777,1900,1272,928,2008,4,2
Pave,1Story,6,Typ,,169990,10237,2005,1316,0,2006,3,1
Pave,1Story,6,Typ,,193000,8012,1993,1617,0,2008,2,1
Pave,1Story,6,Typ,,207500,10240,1980,1686,0,2006,3,1
Pave,1Story,5,Typ,,175000,15611,1977,1126,0,2008,3,1
Pave,2Story,8,Typ,,285000,11999,2003,1234,1140,2007,4,1
Pave,2Story,7,Typ,,176000,9900,1968,1098,880,2008,4,1
Pave,1Story,8,Typ,,236500,11838,2001,1788,0,2009,3,1
Pave,2Story,7,Typ,,222000,13006,1997,993,1243,2006,4,1
Pave,1Story,8,Typ,,201000,8925,2007,1466,0,2009,3,1
Pave,1Story,5,Typ,,117500,9100,1965,925,0,2009,2,1
Pave,1Story,9,Typ,,320000,11670,2006,1905,0,2007,3,1
Pave,1Story,7,Typ,,190000,8487,2004,1500,0,2009,3,1
Pave,1Story,7,Typ,,242000,27650,1960,2069,0,2008,4,1
Pave,1Story,4,Typ,,79900,5825,1926,747,0,2006,1,1
Pave,1Story,7,Typ,,184900,10083,2003,1200,0,2009,2,1
Pave,2Story,7,Typ,,253000,9675,2005,1113,858,2009,3,1
Pave,2Story,7,Typ,,239799,8760,2006,1391,571,2006,3,1
Pave,2Story,7,Typ,,244400,24090,1940,1207,1196,2010,4,1
Pave,1Story,6,Typ,,150900,12640,1976,1728,0,2006,4,2
Pave,2Story,7,Typ,,214000,8755,1999,1022,1038,2009,3,1
Pave,1Story,4,Typ,,150000,7711,1977,1440,0,2007,4,2
Pave,1Story,5,Typ,,143000,25000,1967,1632,0,2007,4,2
Pave,SLvl,6,Typ,,137500,14375,1958,1344,0,2009,3,1
Pave,1.5Fin,5,Typ,,124900,8820,1890,1188,561,2009,2,1
Pave,SLvl,5,Typ,,143000,8163,1959,1144,0,2006,3,1
Pave,1Story,8,Typ,,270000,14536,2002,1629,0,2007,3,1
Pave,2Story,7,Typ,,192500,14006,2002,936,840,2006,3,1
Pave,1Story,6,Typ,,197500,9360,1972,1381,0,2010,3,1
Pave,1Story,5,Typ,,129000,7200,1950,864,0,2007,3,1
Pave,1Story,5,Typ,,119900,7800,1965,965,0,2006,3,1
Pave,SFoyer,5,Typ,,133900,7200,1972,768,0,2009,2,1
Pave,2Story,5,Min2,Shed,172000,11075,1969,1168,800,2008,4,1
Pave,SFoyer,6,Typ,,127500,9400,1975,980,0,2006,4,0
Pave,2Story,6,Typ,,145000,7136,1946,979,979,2007,4,2
Pave,2Story,6,Typ,,124000,1300,1980,561,668,2009,2,1
Pave,1Story,5,Typ,,132000,7420,1962,1057,0,2007,3,1
Pave,1Story,7,Typ,,185000,8450,2003,1337,0,2007,3,1
Pave,2Story,7,Typ,,155000,2572,1999,696,720,2010,3,1
Pave,1Story,5,Typ,,116500,7207,1958,858,0,2010,2,1
Pave,2Story,6,Typ,,272000,12227,1977,1542,1330,2008,4,1
Pave,2Story,6,Typ,,155000,2308,1976,804,744,2007,3,1
Pave,1Story,9,Typ,,239000,11923,2007,1800,0,2009,2,1
Pave,2Story,7,Typ,,214900,11316,2002,824,1070,2010,4,1
Pave,2Story,6,Typ,,178900,10237,2005,783,701,2007,3,1
Pave,1.5Fin,5,Min2,,160000,9600,1940,976,332,2009,2,1
Pave,1Story,5,Typ,,135000,7390,1955,1098,0,2008,3,1
Pave,1.5Fin,3,Typ,,37900,5925,1910,600,368,2009,2,1
Pave,SLvl,6,Typ,,140000,10382,1958,1095,0,2006,2,1
Pave,1.5Fin,4,Typ,,135000,10800,1949,720,472,2006,4,1
Pave,2Story,7,Typ,,173000,2268,2003,764,862,2009,2,1
Pave,1Story,6,Typ,,99500,7892,1979,918,0,2010,2,1
Pave,1Story,7,Typ,,182000,11639,2007,1428,0,2008,3,1
Pave,2Story,7,Typ,,167500,11414,1910,1136,883,2009,3,1
Pave,2Story,7,Typ,,165000,2651,2000,673,709,2006,3,1
Pave,1Story,4,Typ,,85500,5900,1923,869,0,2006,2,1
Pave,1Story,7,Typ,,199900,4274,2006,1241,0,2007,1,1
Pave,1Story,4,Typ,,110000,9450,1954,894,0,2007,3,1
Pave,1Story,5,Typ,,139000,8816,1963,1121,0,2009,3,1
Pave,SFoyer,7,Typ,,178400,12122,1961,999,0,2008,3,1
Pave,2Story,8,Typ,,336000,12203,1998,1276,1336,2009,4,1
Pave,1Story,7,Typ,,159895,3182,2007,1266,0,2008,2,1
Pave,2Story,8,Typ,,255900,11250,2002,1149,1141,2008,4,1
Pave,1.5Fin,5,Typ,,126000,10125,1977,1302,432,2009,4,2
Pave,1Story,5,Typ,,125000,10880,1950,1164,0,2008,3,1
Pave,1.5Fin,6,Typ,,117000,5310,1910,1001,634,2006,2,1
Pave,1Story,9,Typ,,395192,10159,2009,1940,0,2010,3,1
Pave,2Story,6,Typ,,195000,12046,1976,1118,912,2007,4,1
Pave,2Story,7,Typ,,197000,8125,2006,778,798,2006,3,1
Pave,2Story,8,Typ,,348000,9452,1997,1407,985,2006,3,1
Pave,2Story,8,Typ,,168000,17671,1882,916,826,2009,4,1
Pave,2Story,6,Typ,,187000,9760,1964,1020,831,2007,3,1
Pave,2Story,6,Typ,,173900,8846,2005,750,750,2006,3,1
Pave,1Story,10,Typ,,337500,12456,2006,1718,0,2009,3,1
Pave,1.5Fin,4,Typ,,121600,4712,1946,774,456,2006,3,1
Pave,1Story,5,Typ,,136500,10659,1961,1050,0,2006,3,1
Pave,1Story,6,Typ,,185000,11717,1970,1442,0,2009,2,1
Pave,1Story,3,Typ,,91000,9786,1922,1077,0,2006,3,1
Pave,1Story,7,Typ,,206000,6762,2006,1208,0,2010,2,1
Pave,1Story,3,Min1,,82000,10206,1952,944,0,2009,2,1
Pave,1Story,5,Typ,,86000,5400,1920,691,0,2007,2,1
Pave,1Story,8,Typ,,232000,11957,2006,1574,0,2008,3,1
Pave,1Story,5,Typ,,136905,11500,1976,1680,0,2007,4,2
Pave,1Story,7,Typ,,181000,3182,2005,1504,0,2009,1,1
Pave,SLvl,5,Typ,,149900,8385,1977,985,0,2008,3,1
Pave,1Story,6,Typ,,163500,12155,1970,1657,0,2007,3,1
Pave,2Story,4,Typ,,88000,2217,1970,546,546,2009,3,1
Pave,1Story,7,Typ,,240000,12118,2004,1710,0,2009,3,1
Pave,1.5Fin,5,Typ,,102000,6000,1926,1008,0,2006,4,1
Pave,1.5Fin,5,Typ,,135000,21286,1948,720,551,2008,4,1
Pave,1Story,5,Typ,,100000,9825,1965,1664,0,2010,4,2
Pave,2Story,6,Typ,,165000,10592,1923,900,602,2007,3,1
Pave,1Story,5,Maj2,,85000,7200,1910,1022,0,2009,2,1
Pave,1Story,6,Typ,,119200,11664,1948,1082,0,2007,2,1
Pave,2Story,8,Typ,,227000,8400,2001,810,855,2009,3,1
Pave,1Story,7,Typ,,203000,11883,1996,1504,0,2009,3,1
Pave,1Story,8,Typ,,187500,5814,1984,1360,0,2009,1,1
Pave,SLvl,7,Typ,,160000,10784,1991,802,670,2007,3,1
Pave,1Story,7,Typ,,213490,3013,2005,1506,0,2006,2,1
Pave,1Story,4,Typ,,176000,7024,2005,1132,0,2008,2,1
Pave,1Story,7,Typ,,194000,7406,2006,1220,0,2006,2,1
Pave,1.5Fin,5,Typ,,87000,9439,1930,912,336,2007,2,1
Pave,1Story,7,Typ,,191000,3182,2005,1504,0,2008,2,1
Pave,1Story,8,Typ,,287000,15498,1976,2898,0,2008,2,1
Pave,1Story,5,Typ,,112500,7700,1972,882,0,2007,3,1
Pave,1Story,5,Typ,,167500,9300,1960,1264,0,2010,3,1
Pave,1Story,8,Typ,,293077,9520,2007,1646,0,2008,3,1
Pave,1.5Fin,5,Typ,,105000,9492,1941,968,408,2007,3,1
Pave,2Story,6,Typ,,118000,1680,1972,672,546,2006,3,1
Pave,2Story,5,Typ,,160000,7082,1916,948,980,2006,5,2
Pave,2.5Fin,7,Typ,,197000,15863,1920,1687,998,2009,5,1
Pave,2Story,8,Typ,,310000,14541,1993,1352,1168,2006,5,1
Pave,1Story,7,Typ,,230000,8125,2002,1654,0,2006,3,1
Pave,1Story,5,Typ,,119750,6305,1938,954,0,2007,2,1
Pave,1Story,4,Typ,,84000,11500,1957,845,0,2009,3,1
Pave,1Story,9,Typ,,315500,12898,2007,1620,0,2009,2,1
Pave,2Story,8,Typ,,287000,9240,2001,1055,1208,2008,3,1
Pave,2Story,4,Typ,,97000,1533,1970,798,546,2009,3,1
Pave,SFoyer,4,Typ,,80000,1477,1970,630,0,2009,1,1
Pave,1Story,5,Maj1,,155000,13125,1957,1803,0,2006,3,1
Pave,2Story,6,Typ,,173000,9130,1966,800,832,2008,4,1
Pave,1Story,6,Typ,,196000,5381,2005,1306,0,2009,1,1
Pave,2Story,7,Typ,,262280,11839,1990,1532,797,2008,4,1
Pave,1Story,8,Typ,,278000,9600,1981,2524,0,2009,4,1
Pave,1Story,3,Min2,,139600,13680,1955,1733,0,2009,4,1
Pave,2Story,9,Typ,,556581,16056,2005,1992,876,2006,4,1
Pave,1Story,5,Typ,,145000,9245,1994,990,0,2008,3,1
Pave,1Story,5,Min1,,115000,21750,1960,1771,0,2009,3,1
Pave,1Story,4,Typ,,84900,11100,1946,930,0,2010,2,1
Pave,1Story,7,Typ,,176485,8993,2007,1302,0,2007,3,1
Pave,1Story,7,Typ,,200141,11175,2007,1316,0,2007,3,1
Pave,2Story,6,Typ,,165000,9500,1964,1127,850,2007,4,1
Pave,1Story,5,Min2,,144500,8562,1957,1526,0,2010,4,1
Pave,2Story,8,Typ,,255000,11367,2002,1091,898,2006,3,1
Pave,1Story,6,Typ,,180000,11361,1976,1523,0,2008,3,1
Pave,1Story,7,Typ,,185850,7052,2005,1364,0,2006,2,1
Pave,2Story,7,Typ,,248000,29959,1994,979,871,2009,3,1
Pave,2Story,9,Typ,,335000,11308,2008,1130,1054,2009,3,1
Pave,1.5Fin,6,Typ,,220000,11275,1932,1096,895,2007,3,1
Pave,1Story,8,Typ,,213500,4920,2001,1338,0,2010,2,1
Grvl,1Story,3,Typ,Shed,81000,18000,1935,894,0,2008,2,1
Pave,2Story,5,Min2,,90000,13600,1900,1422,915,2007,5,2
Pave,1Story,6,Typ,,110500,6000,1925,1103,0,2006,2,1
Pave,1Story,5,Typ,,154000,11000,1966,1154,0,2009,3,1
Pave,2Story,7,Typ,,328000,14000,1996,1306,954,2010,3,1
Pave,2Story,6,Typ,,178000,7837,1993,799,772,2009,3,1
Pave,2Story,6,Typ,,167900,9760,1964,798,813,2008,4,1
Pave,2Story,6,Maj1,,151400,3964,1973,1291,1230,2006,5,1
Pave,1.5Unf,5,Typ,,135000,9600,1949,893,0,2007,2,1
Pave,1Story,5,Typ,,135000,10152,1956,1048,0,2007,3,1
Pave,2Story,6,Typ,,154000,11700,1968,829,727,2009,4,1
Pave,1.5Fin,5,Typ,,91500,7585,1948,1002,454,2006,4,1
Pave,2Story,6,Typ,,159500,7950,1977,698,728,2009,3,1
Pave,1Story,7,Typ,,194000,8556,2006,1240,0,2007,2,1
Pave,2Story,7,Typ,,219500,13125,1940,960,780,2007,3,1
Pave,1.5Fin,5,Min1,Shed,170000,10800,1936,1096,370,2006,3,1
Pave,1Story,5,Typ,,138800,15870,1969,1096,0,2006,3,1
Pave,1Story,6,Typ,,155900,4435,2004,848,0,2006,1,1
Pave,1Story,5,Typ,,126000,8775,1994,990,0,2007,3,1
Pave,1Story,6,Typ,,145000,11040,1971,1258,0,2008,3,1
Pave,1Story,5,Typ,,133000,7500,1963,1040,0,2010,3,1
Pave,1Story,7,Typ,,192000,8749,2002,1459,0,2007,3,1
Pave,1Story,6,Typ,Shed,160000,8800,1964,1251,0,2006,3,1
Pave,2Story,6,Typ,,187500,13031,1995,691,807,2006,3,1
Pave,SFoyer,6,Typ,,147000,9069,1992,996,0,2010,2,1
Pave,2Story,4,Typ,,83500,1974,1973,546,546,2010,3,1
Pave,2Story,8,Typ,,252000,10574,2005,1082,871,2009,3,1
Pave,2Story,7,Maj1,,137500,2522,2004,970,739,2006,3,1
Pave,1Story,8,Typ,,197000,3316,2005,1247,0,2006,1,1
Pave,1Story,3,Typ,,92900,8544,1950,1040,0,2009,2,2
Pave,2Story,7,Typ,,160000,2160,1999,624,628,2008,2,1
Pave,1.5Fin,6,Typ,,136500,8400,1925,1390,304,2008,4,1
Pave,1Story,5,Typ,,146000,9230,1965,1200,0,2006,1,1
Pave,1Story,5,Typ,,129000,5868,1956,936,0,2010,2,1
Pave,1Story,6,Typ,,176432,9317,2006,1314,0,2007,3,1
Pave,2Story,6,Typ,,127000,6882,1914,773,582,2007,3,1
Pave,1Story,8,Typ,,170000,3696,1986,1088,0,2007,2,1
Pave,1.5Fin,4,Typ,,128000,6000,1936,757,567,2009,3,1
Pave,1Story,7,Typ,,157000,11880,1978,1601,0,2009,3,1
Pave,1Story,2,Typ,,60000,8400,1920,438,0,2009,1,1
Pave,1Story,5,Typ,,119500,9758,1971,950,0,2007,3,1
Pave,1Story,5,Typ,,135000,7000,1960,1134,0,2007,2,1
Pave,1Story,6,Typ,,159500,8910,1959,1194,0,2006,3,1
Pave,2Story,5,Typ,,106000,2016,1970,630,672,2007,3,1
Pave,2Story,8,Typ,,325000,12256,1994,1500,1122,2010,3,1
Pave,1Story,7,Typ,,179900,10357,1990,1442,0,2007,3,1
Pave,2Story,7,Typ,,274725,23257,2006,887,1134,2006,3,1
Pave,2Story,6,Typ,,181000,8063,2000,948,742,2007,3,1
Pave,1Story,8,Typ,,280000,11362,2004,1836,0,2009,3,1
Pave,2Story,6,Typ,,188000,8000,1995,773,885,2008,3,1
Pave,2Story,7,Typ,,205000,10480,1976,1098,866,2008,4,1
Pave,1Story,5,Typ,,129900,7100,1957,816,0,2006,2,1
Pave,1Story,5,Typ,,134500,8923,1953,1008,0,2007,2,1
Pave,1Story,5,Typ,,117000,5400,1954,833,0,2006,2,1
Pave,1Story,8,Typ,,318000,12085,2007,1734,0,2007,3,1
Pave,SLvl,8,Typ,,184100,7750,2002,779,640,2009,3,1
Pave,1Story,5,Typ,,130000,9764,1967,894,0,2008,3,1
Pave,SLvl,5,Min2,,140000,13825,1958,1021,580,2008,3,1
Pave,1Story,5,Typ,,133700,7560,1959,1040,0,2006,3,1
Pave,1Story,6,Typ,,118400,8263,1920,1012,0,2007,2,1
Pave,1Story,7,Typ,,212900,10084,2005,1552,0,2006,3,1
Pave,1Story,4,Typ,,112000,8926,1956,960,0,2009,3,1
Pave,1Story,5,Typ,,118000,9405,1947,698,0,2009,2,1
Pave,SLvl,7,Typ,,163900,9125,1992,812,670,2007,3,1
Pave,1Story,4,Typ,,115000,10434,1955,1005,0,2009,2,1
Pave,1Story,7,Typ,,174000,3684,2007,1555,0,2009,2,1
Pave,1Story,7,Typ,,259000,14572,2004,1530,0,2007,3,1
Pave,2Story,7,Typ,,215000,11796,2004,847,1112,2007,4,1
Pave,SFoyer,5,Typ,,140000,7200,1980,936,0,2007,2,1
Pave,1.5Fin,4,Min2,,135000,7804,1928,1328,653,2009,4,1
Pave,1Story,5,Typ,,93500,10712,1991,974,0,2007,3,1
Pave,2Story,6,Typ,,117500,9900,1880,1178,1032,2007,5,1
Pave,2Story,8,Typ,,239500,9828,1995,1142,878,2009,3,1
Pave,2Story,6,Typ,,169000,8773,1997,916,684,2007,3,1
Pave,1Story,6,Typ,,102000,6180,1926,986,0,2007,2,1
Pave,1.5Fin,6,Typ,,119000,9600,1950,1032,220,2008,3,1
Pave,1.5Fin,5,Typ,,94000,6342,1875,780,240,2010,2,1
Pave,1Story,6,Typ,,196000,9819,1977,1567,0,2009,2,1
Pave,1Story,5,Maj1,,144000,8731,1920,1167,0,2007,3,1
Pave,1Story,5,Typ,,139000,7350,1951,952,0,2008,2,1
Pave,2Story,5,Typ,,197500,10304,1976,1088,780,2009,4,1
Pave,2Story,8,Typ,,424870,9965,2006,1466,1362,2007,4,1
Pave,1Story,5,Typ,,80000,9000,1959,1006,0,2008,3,1
Pave,1.5Fin,4,Typ,,80000,12180,1941,672,252,2010,2,1
Pave,1.5Fin,5,Typ,,149000,6240,1928,1042,534,2006,3,1
Pave,1Story,6,Typ,,180000,11200,1985,1298,0,2006,3,1
Pave,2Story,7,Typ,,174500,12000,1941,860,704,2009,3,1
Pave,1.5Fin,7,Typ,,116900,5700,1926,572,539,2008,2,1
Pave,2Story,7,Typ,,143000,9000,1920,832,650,2009,3,1
Pave,1Story,6,Typ,,124000,8280,1950,932,0,2007,2,1
Pave,1Story,5,Typ,,149900,17755,1959,1466,0,2006,3,1
Pave,1Story,6,Typ,,230000,14115,1956,1811,0,2006,2,1
Pave,1Story,6,Typ,,120500,5890,1930,816,0,2008,2,1
Pave,2Story,7,Typ,,201800,13700,1965,902,918,2008,4,1
Pave,1Story,5,Typ,,218000,10768,1976,1437,0,2007,3,1
Pave,SLvl,5,Typ,,179900,9350,1965,1265,0,2008,3,1
Pave,1Story,7,Typ,,230000,5001,2007,1314,0,2009,2,1
Pave,1Story,8,Typ,,235128,11932,2007,1580,0,2008,3,1
Pave,2Story,6,Typ,,185000,9120,1974,943,933,2008,4,1
Pave,2Story,6,Typ,,146000,2280,1978,855,601,2010,3,1
Pave,1Story,6,Typ,,224000,14778,1954,1640,0,2008,3,1
Pave,1Story,5,Typ,,129000,8724,1968,894,0,2007,3,1
Pave,SFoyer,4,Typ,,108959,12900,1969,1258,0,2008,0,2
Pave,SLvl,5,Typ,,194000,16157,1978,1432,0,2007,2,1
Pave,1Story,7,Typ,,233170,9541,2009,1502,0,2009,3,1
Pave,1Story,8,Typ,,245350,10475,2008,1694,0,2010,3,1
Pave,2Story,6,Typ,,173000,10852,2000,959,712,2006,3,1
Pave,2Story,6,Typ,,235000,13728,1935,1236,872,2008,4,1
Pave,2Story,10,Typ,,625000,35760,1995,1831,1796,2006,4,1
Pave,SLvl,6,Typ,,171000,9880,1977,1118,0,2008,3,1
Pave,1Story,6,Typ,Shed,163000,9120,1958,1261,0,2008,3,1
Pave,2Story,7,Typ,,171900,4017,2006,625,625,2008,2,1
Pave,1.5Fin,5,Maj1,,200500,18030,1946,1636,971,2007,3,1
Pave,2Story,6,Typ,,239000,16560,1932,1170,1175,2006,4,1
Pave,1.5Fin,8,Typ,,285000,10678,1992,2129,743,2007,4,1
Pave,1Story,5,Typ,,119500,6951,1984,923,0,2008,3,1
Pave,1.5Fin,6,Typ,,115000,3950,1926,818,406,2009,3,1
Pave,1.5Fin,5,Typ,,154900,7681,1921,820,523,2009,3,1
Pave,1Story,5,Min2,,93000,8335,1954,1124,0,2006,3,1
Pave,2Story,7,Typ,,250000,11170,1990,1298,1216,2006,4,1
Pave,1Story,8,Typ,,392500,5587,2008,1652,0,2008,2,1
Pave,2Story,10,Typ,,745000,15623,1996,2411,2065,2007,4,1
Pave,1Story,5,Typ,,120000,10800,1920,1130,0,2006,2,1
Grvl,1Story,5,Typ,,186700,35133,1963,1572,0,2007,3,1
Pave,1.5Fin,5,Typ,,104900,9738,1924,949,272,2006,4,1
Pave,2Story,3,Typ,,95000,10615,1900,1014,685,2009,3,2
Pave,1Story,8,Typ,,262000,12461,1994,1624,0,2006,2,1
Pave,2Story,7,Typ,,195000,8935,2002,831,829,2009,3,1
Pave,2Story,7,Typ,,189000,7500,1999,1028,776,2010,3,1
Pave,1Story,4,Typ,,168000,32463,1961,1622,0,2007,3,1
Pave,2Story,8,Typ,,174000,2645,1999,764,677,2007,2,1
Pave,1.5Fin,5,Typ,,125000,9600,1925,842,630,2007,3,1
Pave,1Story,6,Typ,,165000,4500,1999,1224,0,2009,2,1
Pave,2Story,6,Typ,,158000,9364,1969,663,689,2010,4,1
Pave,2Story,6,Typ,,176000,8029,2005,728,728,2008,3,1
Pave,2Story,7,Typ,,219210,14054,2006,879,984,2006,4,1
Pave,2.5Unf,7,Typ,,144000,8850,1916,815,875,2006,3,1
Pave,1Story,7,Typ,,178000,9100,2001,1212,0,2009,3,1
Pave,1Story,4,Typ,,148000,11235,1963,1382,0,2006,3,1
Pave,1Story,4,Typ,Shed,116050,9353,1970,864,0,2006,3,1
Pave,2Story,7,Typ,,197900,10400,1998,866,913,2009,3,1
Pave,1.5Fin,5,Typ,,117000,6000,1925,884,464,2009,3,1
Pave,1Story,7,Typ,,213000,9750,2000,1630,0,2009,3,1
Pave,1Story,5,Typ,,153500,10140,1975,1074,0,2006,3,1
Pave,1Story,7,Typ,,271900,14684,1990,2196,0,2009,3,1
Pave,1Story,4,Typ,,107000,8900,1966,1056,0,2006,2,1
Pave,1Story,6,Typ,,200000,9135,2003,1700,0,2006,3,1
Pave,1Story,5,Typ,,140000,7763,1962,1283,0,2008,3,1
Pave,1Story,8,Typ,,290000,10182,2006,1660,0,2006,3,1
Pave,2Story,6,Typ,Shed,189000,11218,1992,1055,790,2010,3,1
Pave,1.5Fin,8,Typ,,164000,12134,1988,1080,672,2010,4,1
Pave,1Story,4,Typ,,113000,9340,1941,672,0,2009,2,1
Pave,SLvl,4,Typ,,145000,10246,1965,960,0,2006,0,1
Pave,SFoyer,5,Typ,,134500,10205,1962,999,0,2006,3,1
Pave,1Story,5,Typ,,125000,7094,1966,894,0,2007,3,1
Pave,1.5Fin,6,Typ,,112000,8930,1978,1318,584,2010,4,2
Pave,1Story,8,Typ,,229456,8640,2009,1314,0,2009,3,1
Pave,1.5Fin,4,Typ,,80500,6240,1947,672,240,2006,2,1
Pave,2Story,6,Typ,,91500,1680,1971,672,546,2006,3,1
Pave,1Story,5,Typ,,115000,7800,1964,912,0,2006,2,1
Pave,1Story,5,Typ,,134000,8250,1968,1211,0,2008,3,1
Pave,1.5Fin,6,Typ,,143000,10496,1949,1168,678,2007,3,1
Pave,1Story,5,Mod,,137900,10680,1951,2136,0,2006,4,1
Pave,2Story,7,Typ,,184000,15384,2004,788,702,2008,3,1
Pave,SLvl,6,Typ,,145000,10482,1958,1138,0,2007,3,1
Pave,2Story,6,Typ,,214000,14598,2007,894,1039,2008,4,1
Pave,1Story,5,Typ,,147000,8872,1965,912,0,2008,2,1
Pave,1Story,9,Typ,,367294,8769,2008,1702,0,2008,1,1
Pave,SLvl,5,Maj1,,127000,7910,1960,1507,0,2008,4,1
Pave,1.5Fin,5,Typ,Gar2,190000,18890,1977,1361,1259,2007,4,2
Pave,SLvl,5,Typ,,132500,7728,1962,1190,0,2006,3,1
Pave,1Story,4,Typ,,101800,9842,1962,1224,0,2007,2,2
Pave,1Story,5,Typ,,142000,12160,1959,1188,0,2010,3,1
Pave,2Story,5,Typ,,130000,8525,1911,1024,940,2008,4,1
Pave,2Story,5,Typ,,138887,13132,1914,892,892,2006,4,1
Pave,2Story,7,Typ,,175500,2628,2003,764,862,2010,2,1
Pave,2Story,7,Typ,,195000,12393,2004,847,1101,2006,4,1
Pave,1Story,6,Typ,,142500,13072,2005,1141,0,2006,3,1
Pave,1Story,8,Typ,,265900,9037,2006,1484,0,2007,2,1
Pave,2Story,7,Typ,,224900,8158,2003,884,884,2008,3,1
Pave,1Story,7,Typ,,248328,9849,2007,1689,0,2007,3,1
Pave,SFoyer,7,Typ,,170000,10625,1974,1173,0,2010,3,1
Pave,1Story,10,Typ,,465000,13891,2006,2076,0,2006,2,1
Pave,2Story,8,Typ,,230000,11435,1929,792,725,2006,3,1
Pave,SLvl,6,Typ,,178000,12090,1984,1140,728,2007,3,1
Pave,2Story,7,Typ,,186500,8125,2005,756,797,2006,3,1
Pave,SLvl,6,Typ,,169900,12328,1976,1034,0,2010,3,1
Pave,2.5Unf,6,Typ,,129500,9600,1917,1134,924,2008,3,1
Pave,1Story,5,Typ,,119000,7200,1950,988,0,2007,3,1
Pave,1Story,7,Typ,,244000,11160,1968,2110,0,2010,3,1
Pave,1Story,7,Typ,,171750,3136,2003,1405,0,2006,2,1
Pave,1Story,5,Typ,Shed,130000,9858,1968,874,0,2009,3,1
Pave,2Story,7,Typ,,294000,17542,1974,1516,651,2007,3,1
Pave,2Story,7,Typ,,165400,6931,2003,760,896,2008,3,1
Pave,1.5Fin,6,Typ,,127500,6240,1931,959,408,2007,3,1
Pave,1Story,8,Typ,,301500,14303,1994,1987,0,2008,2,1
Pave,1Story,5,Typ,,99900,4060,1922,864,0,2009,2,1
Pave,SLvl,7,Typ,,190000,9587,2005,1166,0,2008,2,1
Pave,1Story,6,Typ,,151000,9750,1969,1054,0,2008,3,1
Pave,2Story,6,Typ,,181000,24682,1999,892,783,2009,3,1
Pave,1Story,5,Typ,,128900,9600,1956,1050,0,2009,2,1
Pave,1.5Fin,4,Min2,,161500,11250,1957,1104,684,2009,5,1
Pave,2Story,6,Typ,,180500,13515,1919,1060,764,2007,3,1
Pave,1Story,6,Typ,,181000,4060,1998,1337,0,2008,2,1
Pave,2Story,7,Typ,,183900,3735,1999,713,739,2006,3,1
Pave,2.5Unf,7,Typ,,122000,10120,1910,964,925,2007,4,2
Pave,1Story,9,Typ,,378500,13214,2008,2018,0,2010,3,1
Pave,1.5Fin,8,Typ,,381000,14100,1935,1968,1479,2008,4,1
Pave,1.5Fin,5,Typ,,144000,11344,1958,874,650,2007,3,1
Pave,1Story,7,Typ,,260000,23595,1979,1332,192,2010,0,1
Pave,1Story,6,Typ,,185750,9156,1968,1489,0,2009,3,1
Pave,1Story,5,Typ,,137000,13526,1965,935,0,2006,3,1
Pave,SLvl,6,Typ,,177000,11512,1959,1357,0,2008,2,1
Pave,1.5Fin,5,Typ,,139000,5362,1910,661,589,2007,3,1
Pave,2Story,5,Typ,,137000,11345,1948,928,992,2007,4,2
Pave,2Story,6,Typ,,162000,12936,1972,735,660,2009,3,1
Pave,SLvl,6,Typ,,197900,17871,1967,1724,0,2009,3,1
Pave,2Story,8,Typ,,237000,9473,2002,1128,903,2008,3,1
Pave,1.5Fin,4,Typ,,68400,7500,1920,698,430,2010,2,1
Pave,1Story,7,Typ,,227000,9808,2002,1573,0,2009,3,1
Pave,1Story,7,Typ,,180000,8049,1990,1339,0,2006,2,1
Pave,1Story,5,Typ,,150500,8800,1977,1040,0,2009,3,1
Pave,2Story,6,Typ,,139000,9400,1971,912,912,2010,4,2
Pave,1.5Fin,6,Min2,,169000,9638,1919,1699,748,2010,4,1
Pave,1.5Fin,6,Typ,,132500,6000,1939,825,587,2009,4,1
Pave,1Story,6,Typ,,143000,9790,1963,1328,0,2010,3,1
Pave,1Story,5,Typ,,190000,36500,1964,1582,0,2006,4,1
Pave,1Story,8,Typ,,278000,5664,2000,1659,0,2009,2,1
Pave,2Story,8,Typ,,281000,11065,2006,1120,850,2006,3,1
Pave,SLvl,5,Typ,,180500,14112,1964,1152,0,2010,3,1
Pave,2Story,5,Typ,,119500,1680,1972,630,672,2009,3,1
Pave,2Story,5,Min2,,107500,6600,1892,1378,994,2009,4,2
Pave,2Story,7,Typ,,162900,10140,1976,832,832,2006,4,1
Pave,1Story,5,Typ,,115000,8172,1955,864,0,2006,2,1
Pave,1Story,5,Typ,,138500,8400,1968,1052,0,2006,3,1
Pave,1Story,5,Typ,,155000,8700,1963,1128,0,2008,3,1
Pave,SFoyer,6,Typ,,140000,3675,2005,1072,0,2006,2,1
Pave,2Story,10,Typ,,160000,63887,2008,4692,950,2008,3,1
Pave,1Story,5,Typ,,154000,7500,1959,1246,0,2010,3,1
Pave,2Story,7,Typ,,225000,10762,1999,1005,978,2009,3,1
Pave,2Story,6,Typ,,177500,7500,1942,753,741,2009,3,1
Pave,2Story,8,Typ,,290000,10120,1994,1203,1323,2006,4,1
Pave,1Story,7,Typ,,232000,8688,2005,1616,0,2006,3,1
Pave,2Story,7,Maj1,,130000,3363,2004,976,732,2006,3,1
Pave,1Story,9,Typ,,325000,13173,2006,1652,0,2009,2,1
Pave,1Story,7,Typ,,202500,6955,2005,1368,0,2006,2,1
Pave,1Story,5,Typ,,138000,8072,1994,990,0,2009,3,1
Pave,1Story,5,Typ,,147000,12000,1948,1122,0,2008,2,1
Pave,1Story,6,Typ,,179200,7153,1991,1294,0,2008,3,1
Pave,1Story,7,Typ,,335000,17500,1959,1902,0,2010,3,1
Pave,1Story,7,Typ,,203000,8814,2005,1274,0,2007,3,1
Pave,2Story,8,Typ,,302000,9572,1990,1453,1357,2007,4,1
Pave,2Story,9,Typ,,333168,14774,1999,1422,1177,2010,4,1
Pave,1Story,4,Typ,,119000,8190,1954,948,0,2007,3,1
Pave,2Story,6,Typ,,206900,11075,1969,1092,1020,2008,4,1
Pave,1Story,8,Typ,,295493,10226,2008,1630,0,2009,3,1
Pave,1Story,7,Typ,,208900,4230,2006,1352,0,2007,2,1
Pave,1Story,8,Typ,,275000,14781,2001,1787,0,2006,3,1
Pave,1Story,4,Typ,,111000,10215,1954,948,0,2007,3,1
Pave,1Story,6,Typ,,156500,8400,1957,1478,0,2009,3,1
Pave,1Story,3,Typ,,72500,6627,1949,720,0,2008,2,1
Pave,2Story,7,Typ,,190000,10186,1992,1061,862,2010,3,1
Pave,1Story,4,Typ,,82500,5330,1940,708,0,2009,2,1
Pave,1Story,8,Typ,,147000,9986,2006,1795,0,2007,2,1
Pave,1Story,4,Typ,,55000,3636,1922,796,0,2008,2,1
Pave,1Story,3,Typ,,79000,4270,1931,774,0,2007,3,1
Pave,1Story,5,Typ,,130500,6600,1982,816,0,2008,3,1
Pave,1.5Fin,6,Mod,Shed,256000,10440,1920,1584,1208,2008,5,1
Pave,2Story,7,Typ,,176500,9084,1998,955,677,2006,3,1
Pave,1Story,8,Typ,,227000,10000,2006,1588,0,2007,3,1
Pave,SLvl,5,Typ,,132500,10780,1976,954,0,2006,3,1
Pave,1Story,4,Typ,,100000,8877,1938,816,0,2009,2,1
Pave,1.5Fin,5,Typ,,125500,7200,1938,803,557,2006,2,1
Pave,2Story,5,Min1,,125000,2368,1970,765,600,2009,3,1
Pave,1Story,6,Typ,,167900,9650,1977,1334,0,2009,2,1
Pave,1Story,5,Typ,,135000,9246,1973,1656,0,2008,4,2
Pave,1Story,4,Typ,,52500,4118,1941,693,0,2006,2,1
Pave,2Story,7,Typ,,200000,13450,2002,920,941,2006,3,1
Pave,1Story,5,Typ,,128500,9560,1972,864,0,2006,3,1
Pave,1Story,4,Typ,,123000,8294,1971,872,0,2007,3,1
Pave,1Story,6,Typ,,155000,13695,2003,1114,0,2008,3,1
Pave,2Story,8,Typ,,228500,9375,2002,1284,885,2007,3,1
Pave,1.5Fin,6,Typ,,177000,7558,1928,1172,741,2009,3,1
Pave,2Story,7,Typ,,155835,11103,2006,728,728,2007,3,1
Pave,1Story,4,Typ,,108500,6000,1920,960,0,2007,2,1
Pave,1Story,7,Typ,,262500,20781,1968,2156,0,2006,3,1
Pave,1Story,8,Typ,,283463,15306,2006,1776,0,2007,3,1
Pave,1Story,7,Typ,,215000,16196,1998,1494,0,2007,3,1
Pave,2Story,8,Typ,,122000,5250,1872,938,1215,2008,4,1
Pave,2Story,5,Typ,,200000,11643,1969,1338,1296,2009,6,2
Pave,2Story,6,Typ,,171000,9247,1962,858,858,2008,4,1
Pave,1.5Fin,6,Typ,,134900,6000,1937,786,390,2009,2,1
Pave,1.5Fin,8,Typ,,410000,14720,1995,2053,1185,2010,4,1
Pave,2Story,7,Typ,,235000,10316,2000,992,873,2008,3,1
Pave,SLvl,7,Typ,,170000,10192,1968,1222,698,2006,4,1
Pave,1Story,5,Typ,,110000,9477,1966,892,0,2008,3,1
Pave,1Story,5,Typ,,149900,12537,1971,1078,0,2010,3,1
Pave,2Story,6,Typ,,177500,2117,2000,769,804,2010,3,1
Pave,1Story,9,Typ,,315000,16737,2004,1980,0,2006,3,1
Pave,2Story,5,Typ,,189000,9842,1921,990,1611,2008,4,1
Pave,1Story,7,Typ,,260000,16158,2005,1530,0,2009,3,1
Pave,1.5Fin,4,Typ,,104900,12513,1920,1281,457,2009,4,1
Pave,2Story,6,Typ,,156932,8499,2006,616,796,2007,3,1
Pave,2Story,7,Typ,,144152,3180,2005,520,600,2006,2,1
Pave,2Story,7,Typ,,216000,7500,2000,814,860,2010,3,1
Pave,2Story,7,Typ,,193000,9179,1999,882,908,2008,3,1
Pave,2Story,5,Typ,,127000,2665,1977,925,550,2006,4,1
Pave,1Story,6,Typ,,144000,4435,2003,848,0,2009,1,1
Pave,1Story,8,Typ,,232000,10635,2003,1668,0,2010,3,1
Pave,1.5Fin,4,Typ,,105000,5400,1920,840,534,2009,2,1
Pave,SLvl,6,Typ,,165500,9600,1955,1661,0,2008,3,1
Pave,2Story,7,Typ,,274300,9750,1998,1108,989,2006,3,1
Pave,1Story,10,Typ,,466500,11400,2001,2633,0,2007,2,1
Pave,2Story,7,Typ,,250000,10625,2005,1026,932,2008,3,1
Pave,1Story,8,Typ,,239000,10991,2007,1571,0,2007,3,1
Pave,1Story,6,Typ,,91000,6292,1930,790,0,2008,2,1
Pave,1.5Fin,5,Min2,,117000,10998,1941,984,620,2009,3,1
Pave,2Story,6,Typ,,83000,1953,1973,483,504,2006,2,1
Pave,SLvl,5,Typ,,167500,9735,2006,754,640,2008,3,1
Pave,1Story,3,Typ,,58500,8212,1914,864,0,2010,2,1
Pave,1Story,6,Typ,,237500,12925,1970,2117,0,2008,4,1
Pave,2Story,7,Typ,,157000,7200,1920,998,764,2006,4,1
Pave,1Story,5,Typ,,112000,25339,1918,1416,0,2007,3,1
Pave,1.5Fin,6,Typ,,105000,9060,1939,698,560,2009,2,1
Pave,1.5Fin,4,Typ,,125500,5436,1922,796,358,2010,3,1
Pave,2Story,7,Typ,TenC,250000,16692,1978,1392,1392,2006,5,1
Pave,1.5Fin,6,Typ,,136000,8520,1916,1664,862,2007,5,1
Pave,1Story,9,Typ,,377500,14892,2006,1746,0,2009,3,1
Pave,1.5Fin,6,Typ,,131000,6000,1941,869,349,2007,3,1
Pave,1Story,7,Typ,,235000,9100,2000,1525,0,2006,3,1
Pave,1Story,5,Mod,,124000,8944,1967,1584,0,2009,4,2
Pave,SFoyer,5,Typ,,123000,7838,1967,900,0,2006,3,1
Pave,1.5Fin,6,Typ,,163000,10800,1905,1221,691,2008,3,2
Pave,1Story,7,Typ,,246578,4045,2006,1500,0,2006,2,1
Pave,2Story,8,Typ,,281213,12665,2005,1133,1349,2007,4,1
Pave,1Story,5,Min1,,160000,57200,1948,1687,0,2010,3,1
Pave,2Story,5,Typ,,137500,6120,1920,939,574,2007,4,1
Pave,1.5Fin,5,Min1,,138000,7200,1950,1136,768,2009,3,1
Pave,1.5Fin,6,Typ,,137450,6171,1925,1160,448,2009,3,1
Pave,1.5Fin,6,Typ,,120000,6000,1929,950,208,2008,3,1
Pave,2Story,6,Typ,,193000,7415,2004,864,729,2008,3,1
Pave,1Story,7,Typ,,193879,6762,2006,1294,0,2006,2,1
Pave,1Story,8,Typ,,282922,15256,2007,1464,0,2007,3,1
Pave,1.5Fin,3,Typ,,105000,10410,1915,694,520,2006,3,1
Pave,1Story,8,Typ,,275000,3842,2004,1646,0,2008,2,1
Pave,SFoyer,5,Typ,,133000,8445,1972,768,0,2009,2,1
Pave,1Story,5,Typ,,112000,8780,1985,833,0,2009,3,1
Pave,2Story,4,Typ,,125500,7740,1910,741,622,2010,3,1
Pave,2Story,7,Typ,,215000,20544,1986,1236,857,2008,3,1
Pave,2Story,7,Typ,,230000,12420,2001,944,896,2009,3,1
Pave,1.5Fin,6,Min2,,140000,9600,1950,1112,556,2009,3,1
Pave,1Story,4,Typ,,90000,7200,1949,1040,0,2009,2,2
Pave,1Story,8,Typ,,257000,10994,2005,1844,0,2009,2,1
Pave,1.5Fin,6,Typ,,207000,13053,1923,1053,795,2008,4,1
Pave,1Story,7,Typ,,175900,3635,2007,1569,0,2009,1,1
Pave,2Story,4,Typ,,122500,11340,1885,1246,1044,2010,4,2
Pave,2Story,8,Typ,,340000,16545,1998,1310,1140,2009,3,1
Pave,1Story,5,Typ,,124000,9204,1963,1144,0,2008,3,1
Pave,1Story,6,Typ,,223000,16381,1969,1844,0,2006,3,1
Pave,2Story,6,Typ,,179900,11700,1968,708,708,2006,3,1
Pave,1Story,6,Typ,,127500,4043,1977,1069,0,2010,2,1
Pave,1Story,6,Typ,,136500,4435,2003,848,0,2008,1,1
Pave,SLvl,6,Typ,,274970,19690,1966,1575,626,2006,4,1
Pave,1Story,5,Min1,,144000,9503,1958,1344,0,2007,2,1
Pave,1Story,6,Typ,,142000,10721,1959,1252,0,2008,3,1
Pave,2Story,7,Typ,,271000,10944,1994,1223,904,2008,3,1
Pave,1.5Fin,5,Typ,,140000,10930,1945,1048,510,2008,3,1
Pave,1Story,5,Typ,,119000,7200,1940,804,0,2010,2,1
Pave,1Story,6,Typ,,182900,12546,1981,1440,0,2007,3,1
Pave,2Story,5,Typ,,192140,21930,2005,734,1104,2006,4,1
Pave,1Story,6,Typ,,143750,4928,1976,958,0,2009,2,1
Pave,1Story,4,Typ,,64500,10800,1927,968,0,2007,4,1
Pave,2Story,6,Typ,,186500,10261,2000,962,830,2008,3,1
Pave,1Story,5,Typ,,160000,17400,1977,1126,0,2006,3,1
Pave,1Story,6,Typ,,174000,8400,1962,1537,0,2008,3,1
Pave,1Story,4,Typ,,120500,9000,1971,864,0,2007,3,1
Pave,1Story,8,Typ,,394617,12444,2008,1932,0,2008,2,1
Pave,1Story,6,Typ,,149700,7407,1957,1236,0,2010,2,1
Pave,SLvl,7,Typ,,197000,11584,1979,1040,685,2007,3,1
Pave,2.5Fin,6,Min1,,191000,11526,1922,1423,748,2008,3,1
Pave,1Story,6,Typ,,149300,4426,2004,848,0,2008,1,1
Pave,2Story,10,Typ,,310000,11003,2008,1026,981,2009,3,1
Pave,1.5Unf,6,Typ,,121000,8854,1916,952,0,2009,2,1
Pave,1Story,7,Typ,,179600,8500,2004,1422,0,2007,3,1
Pave,SFoyer,6,Typ,,129000,8400,1966,913,0,2007,3,1
Pave,1Story,5,Typ,,157900,26142,1962,1188,0,2010,3,1
Pave,2Story,8,Typ,,240000,10000,1995,1220,870,2007,3,1
Pave,2Story,4,Min2,,112000,11767,1910,796,550,2007,2,1
Pave,SFoyer,5,Typ,,92000,1533,1970,630,0,2006,1,1
Pave,2Story,5,Typ,,136000,9000,1974,896,896,2009,4,2
Pave,1Story,8,Typ,,287090,9262,2008,1578,0,2009,3,1
Pave,SLvl,5,Typ,,145000,3675,2005,1072,0,2006,2,1
Pave,1Story,5,Typ,,84500,17217,2006,1140,0,2006,3,1
Pave,1Story,7,Typ,,185000,7500,2004,1221,0,2009,2,1
Pave,2Story,6,Typ,,175000,7917,1999,953,694,2007,3,1
Pave,1Story,6,Min1,,210000,13175,1978,2073,0,2010,3,1
Pave,2Story,7,Typ,Shed,266500,9042,1941,1188,1152,2010,4,1
Pave,1Story,5,Typ,,142125,9717,1950,1078,0,2010,2,1
Pave,1Story,5,Typ,,147500,9937,1965,1256,0,2008,3,1
